[
  {
    "": "AR",
    "ssr": {
      "title": "الخدمات الخاصة",
      "ref": "الرقم المرجعي للحجز: ",
      "req": "يمكنك طلب أكثر من خدمة خاصة واحدة.",
      "select": "الاختيار",
      "selected": "تم الاختيار",
      "add": "إضافة",
      "remove": "إلغاء",
      "edit": "تحديث",
      "back": "الى الخلف",
      "mback": "العودة إلى 'إدارة الحجز' ",
      "manageBooking": "إدارة الحجز",
      "previousFlight": "الرحلة السابقة",
      "nextFlight": "الرحلة التالية",
      "deleteMessage": "هل أنت متأكد من رغبتك بحذف هذه الخدمة؟",
      "no": "لا، أود ابقاء هذه الخدمة",
      "yes": "نعم، أود حذف هذه الخدمة",
      "delete": "إلغاء الخدمة",
      "alert": "هل أنت متأكد من رغبتك في ترك هذه الصفحة؟",
      "Yes": "نعم، اترك هذه الصفحة",
      "No": "لا، لا أريد ترك هذه الصفحة",
      "in": "in",
      "wheelchair": "يرجى تحديد نوع خدمة المقعد المتحرك الذي سوف يتم تزويده من قبل شركة الطيران.",
      "ok": "اختيار الخدمة",
      "route": "route",
      "unSaveNotification": "عند مغادرة هذه الصفحة، قد تفقد التغييرات التي لم يتم حفظها. هل لا تزال ترغب في ترك هذه الصفحة؟",
      "process": "يتم تحديث الطلب...",
      "continue": "متابعة",
      "saveAndReturn": "حفظ وعودة",
      "departureFlight": "رحلة المغادرة",
      "returnFlight": "رحلة العودة",
      "pmdDescription": "تم تحديد خدمة المقعد المتحرك",
      "noServiceSelected": "لم يتم اختيار أي خدمة",
      "passenger": "راكب",
      "wheel_details": {
        "title": "كرسي متحرك",
        "selectWc": "اختيار خدمة المقعد المتحرك",
        "description": "يمكنك طلب المساعدة للتنقل بمقعد متحرك داخل صالة المغادرة، أو حتى درجات الصعود إلى الطائرة، أو حتى الوصول إلى مقعدك في مقصورة الطائرة أو طلب السفر مع مقعدك المتحرك الشخصي.",
        "ctaTitle": "اختيار خدمة المقعد المتحرك",
        "select": "الاختيار",
        "ref": "الرقم المرجعي للحجز: ",
        "image": "assets/images/t63-seat.jpg",
        "awc_title": "توفير مقعد متحرك من شركة الطيران",
        "pwc_title": "جهاز خاص للمساعدة على الحركة",
        "pwc_desc": "يمكنك حمل جهازك الخاص للمساعدة على الحركة حتى النقاط الموضحة فيما يلي:",
        "select_pwc": "يرجى تحديد الجهاز المساعد على الحركة الخاص بك.",
        "pwc_text": "يمكنك حمل جهازك الخاص للمساعدة على الحركة حتى النقاط الموضحة فيما يلي:",
        "sel_alert": "يرجى تحديد نوع خدمة المقعد المتحرك الذي سوف يتم تزويده من قبل شركة الطيران للمسافر {PSGR} في الرحلة من {DEP} إلى {ARR}.",
        "APW": {
          "err_alert": "يرجى تحديد نوع خدمة المقعد المتحرك الذي سوف يتم تزويده من قبل شركة الطيران للمسافر {PSGR}."
        },
        "pwc_description": "يُسمح بحفظ الأجهزة المساعدة في مقصورة الركاب على الرحلات المتجهة إلى الولايات المتحدة أو المغادرة منها. كما يجب أن تكون جميع الأجهزة المساعدة التي يصطحبها الراكب على متن الرحلة مستوفية لاشتراطات لوائح السلامة والأمن والمواد الخطرة التي تسري عليها. بسبب المساحة المحدودة في داخل مقصورة الركاب، تُقبل الأجهزة المساعدة عند بوابة الصعود إلى الطائرة حسب أسبقية تقديمها.",
        "nextSelct": {
          "desc": "هل ترغب في إضافة الخدمة نفسها إلى رحلتك (أو رحلاتك) التالية؟",
          "request": "نعم، أضف الخدمة لجميع الرحلات",
          "cancel": "لا، سوف أحدّد الخدمات لكل رحلة"
        },
        "note": "ملاحظة",
        "qa": "مساعدة الخطوط الجوية القطرية",
        "qa_desc": "يُرجى اختيار النقطة خلال الرحلة التي لن تحتاج بعدها لمقعد متحرك توفره لك الخطوط الجوية القطرية:",
        "back": "الى الخلف",
        "save": "حفظ",
        "pwc": {
          "WCMP": {
            "code": "WCMP",
            "name": "المقعد المتحرك اليدوي",
            "category": "WHEELCHAIR",
            "subCategory": "PERSONAL_MOBILITY",
            "note": "يمكن حفظ مقعد متحرك يدوي واحد في مقصورة الركاب. ستُحدد الأولوية عند بوابة الصعود إلى الطائرة وذلك بحسب أسبقية الوصول.",
            "consentTitle": "المساعدة في حفظ جهاز شخصي يساعد على التنقل",
            "consentDesc": " تم استلام طلبك للسفر مع المقعد المتحرك اليدوي الخاص بك. <br><br>يرجى العلم بأنه بإمكاننا حفظ مقعد متحرك شخصي واحد على متن المقصورة في بعض من طائرتنا، ولهذا فإن هذه الخدمة تُقدم على حسب أسبقية الوصول إلى بوابة الصعود إلى الطائرة وأنها متوفرة فقط للمقاعد المتحركة اليدوية التي يمكن طيها والتي لا تتجاوز أبعادها 33×91×106 سنتيمتر ولا تحتاج لفك أو إزالة العجلات. ",
            "cancel": "إلغاء",
            "request": "طلب الخدمة"
          },
          "WCBD": {
            "code": "WCBD",
            "category": "WHEELCHAIR",
            "subCategory": "PERSONAL_MOBILITY",
            "name": "المقاعد المتحركة أو الأجهزة المساعدة على الحركة المزودة ببطارية جافة/جل",
            "note": " يمكن حمل المقاعد المتحركة الشخصية فقط حتّى مكتب تسجيل الدخول في المطار. أما بعد ذلك، فستتوفر المقاعد المتحركة الخاصة بشركة الطيران.",
            "consentTitle": "المساعدة في حفظ جهاز شخصي يساعد على التنقل",
            "consentDesc": "المساعدة في حفظ جهاز شخصي يساعد في التنقل<br>تم استلام طلبك للسفر مع مقعدك المتحرك أو جهازك الشخصي الذي يساعد على التنقل ويسنخدم بطارية ليثيوم  يُرجى الوصول إلى المطار قبل ساعة من بدء موعد تسجيل الدخول إلى الطائرة وتعريف نفسك لموظفي مكاتبنا حتى نستطيع مساعدتك على أفضل نحو ممكن. سيُحفظ جهازك ضمن الأمتعة المسجلة وفقًا لاشتراطات السلامة والأمن التنظيمية المطبقة",
            "cancel": "إلغاء",
            "request": "طلب الخدمة"
          },
          "WCBW": {
            "code": "WCBW",
            "category": "WHEELCHAIR",
            "subCategory": "PERSONAL_MOBILITY",
            "name": "المقاعد المتحركة أو الأجهزة المساعدة على الحركة المزودة ببطارية سائلة",
            "note": "يمكن حمل المقاعد المتحركة الشخصية فقط حتّى مكتب تسجيل الدخول في المطار. أما بعد ذلك، فستتوفر المقاعد المتحركة الخاصة بشركة الطيران.",
            "consentTitle": "المساعدة في حفظ جهاز شخصي يساعد على التنقل",
            "consentDesc": "تم استلام طلبك للسفر مع مقعدك المتحرك أو جهازك الشخصي الذي يساعد على التنقل ويسنخدم بطارية سائلة.<br>سيُحفظ جهازك ضمن الأمتعة المسجلة وفقًا لاشتراطات السلامة والأمن التنظيمية المطبقة",
            "cancel": "إلغاء",
            "request": "طلب الخدمة"
          },
          "WCLB": {
            "code": "WCLB",
            "category": "WHEELCHAIR",
            "subCategory": "PERSONAL_MOBILITY",
            "name": "المقاعد المتحركة أو الأجهزة المساعدة على الحركة المزودة ببطارية ليثيوم",
            "note": "يمكن حمل المقاعد المتحركة الشخصية فقط حتّى مكتب تسجيل الدخول في المطار. أما بعد ذلك، فستتوفر المقاعد المتحركة الخاصة بشركة الطيران.",
            "consentTitle": "المساعدة في حفظ جهاز شخصي يساعد على التنقل",
            "consentDesc": "تم استلام طلبك للسفر مع مقعدك المتحرك أو جهازك الشخصي الذي يساعد على التنقل ويسنخدم بطارية ليثيوم. <br>يُرجى الوصول إلى المطار قبل ساعة من بدء موعد تسجيل الدخول إلى الطائرة وتعريف نفسك لموظفي مكاتبنا حتى نستطيع مساعدتك على أفضل نحو ممكن.<br>سيُحفظ جهازك ضمن الأمتعة المسجلة وفقًا لاشتراطات السلامة والأمن التنظيمية المطبقة <a href='https://www.qatarairways.com/ar/baggage/restricted.html' target='_blank'> اضغط هنا </a> للمزيد من التفاصيل.",
            "cancel": "إلغاء",
            "request": "طلب الخدمة"
          }
        },
        "awc": {
          "WCHR": {
            "code": "WCHR",
            "subCategory": "AIR_PROVIDED",
            "name": "حتى ممر الوصول إلى الطائرة",
            "category": "WHEELCHAIR",
            "request_message": "لطلب هذا الكرسي المتحرك، يرجى الاتصال بأقرب مكتب للخطوط الجوية القطرية أو مركز خدمة العملاء. (<a href='https://www.qatarairways.com/ar/worldwide-offices.html' target='_blank'>www.qatarairways.com/ar/worldwide-offices.html<a>)",
            "note": "يمكنك طلب المساعدة بمقعد متحرك في المطار داخل مبنى الركاب وحتى ممر أو سلم الوصول إلى الطائرة.وهذه الخدمة مخصصة للمسافرين الذين يستطيعون صعود أو هبوط سلالم الطائرة عند الحاجة، ولكنهم يجدون صعوبة في المشي مسافات طويلة داخل مبنى الركاب."
          },
          "WCHS": {
            "code": "WCHS",
            "name": "حتى سلالم الطائرة",
            "category": "WHEELCHAIR",
            "subCategory": "AIR_PROVIDED",
            "request_message": "لطلب هذا الكرسي المتحرك، يرجى الاتصال بأقرب مكتب للخطوط الجوية القطرية أو مركز خدمة العملاء. (<a href='https://www.qatarairways.com/ar/worldwide-offices.html' target='_blank'>www.qatarairways.com/ar/worldwide-offices.html<a>)",
            "note": "طلب المساعدة بمقعد متحرك في المطار داخل مبنى الركاب والمساعدة بصعود سلالم الطائرة أو هبوطها. هذه الخدمة مخصصة للمسافرين الذين لا يستطيعون صعود سلالم الطائرة أو هبوطها بأنفسهم ولكنهم يستطيعون الوصول إلى مقعدهم في المقصورة ثم الوصول منه إلى باب الطائرة."
          },
          "WCHC": {
            "code": "WCHC",
            "name": "حتى المقعد داخل المقصورة",
            "category": "WHEELCHAIR",
            "subCategory": "AIR_PROVIDED",
            "request_message": "لطلب هذا الكرسي المتحرك، يرجى الاتصال بأقرب مكتب للخطوط الجوية القطرية أو مركز خدمة العملاء. (<a href='https://www.qatarairways.com/ar/worldwide-offices.html' target='_blank'>www.qatarairways.com/ar/worldwide-offices.html<a>)",
            "note": "طلب المساعدة بمقعد متحرك في المطار داخل مبنى الركاب وحتى وصول المقعد في المقصورة.  لا بد أن يرافق الركاب المسافرون بمفردهم مساعد في صحة جيدة. ولكن يمكن استثناء المسافرين الذين يتمتعون بحالة صحية مستقرة ويستطيعون قضاء احتياجاتهم بأنفسهم عند الأكل أو الشرب أو استخدام دورة المياه في أثناء الرحلة."
          }
        }
      },
      "ssr_details": {
        "title": "طلب الخدمات الخاصة",
        "description": "إذا كنت تحتاج لأي مساعدة للوصول إلى الطائرة أو مغادرتها، فنرجو منك إخطارنا بذلك مقدمًا لاتخاذ الترتيبات اللازمة. يمكنك أيضًا طلب مساعدة خاصة لأي إعاقة بصرية أو سمعية أو إدراكية.",
        "ctaTitle": "اختيار طلبات الخدمات الخاصة",
        "select": "الاختيار",
        "image": "assets/images/SpecialServiceRequests.jpg",
        "ref": "الرقم المرجعي للحجز:",
        "srtitle": "طلبات الخدمات الخاصة",
        "multiSelection": "تم اختيار عدة خدمات",
        "nextSelct": {
          "desc": "هل ترغب في إضافة الخدمة نفسها إلى رحلتك أو رحلاتك التالية؟",
          "request": "نعم، أضف الخدمة نفسها لجميع الرحلات",
          "cancel": "لا، سأطلب الخدمات بنفسي"
        },
        "note": "ملاحظة",
        "noteHtml": "<ul class='bulleted-list'><li> <span class='icon-arrow-strong icon-rotate-rtl'></span>ملاحظة: في ظروف معينة، قد يُشترط لسفرك أن يسافر معك مساعد لأغراض السلامة (راكب يرافقك في الرحلة). يُرجى الضغط هنا للمزيد من المعلومات. </a></li><li><span class='icon-arrow-strong icon-rotate-rtl'></span>سيقدم موظفونا المساعدة لك طوال الرحلة منذ لحظة وصولك إلى مبنى المغادرين، وخلال الصعود إلى الطائرة وعلى متنها، وكذلك في أثناء فترة الترانزيت حتى وصولك إلى آخر وجهة.</li> <li> خلال الرحلة، سيساعدك طاقمنا على متن الطائرة في الصعود إليها والخروج منها، وفي الذهاب إلى دورة المياه والعودة منها عندما تطلب منهم ذلك. كما سيساعدونك أيضًا في حفظ أمتعتك المحمولة باليد وأي أجهزة مساعدة على الحركة واستعادتها، وكذلك في فتح وجباتك وتعريفك بمكوناتها قبل تناولك لها.              ولكنهم لن يستطيعوا مساعدتك في تقديم أي خدمة طبية، أو تناول الطعام، أو في داخل دورة المياه. </li> </ul>",
        "back": "السابق",
        "save": "حفظ",
        "subsets": {
          "BLND": {
            "code": "BLND",
            "name": "الصعوبات البصرية",
            "category": "SP_SERVICE_REQUEST",
            "note": "",
            "consentDesc": "يُرجى تأكيد أنك تستطيع التواصل على نحو كافٍ مع طاقمنا من أجل عروض السلامة التوضيحية في أثناء الرحلة وإجراءات إخلاء الطائرة في حالات الطوارئ. لا بد من وجود مساعد لأغراض السلامة (راكب مرافق لك) معك إذا كنت لا تستطيع التواصل مع طاقمنا على نحو كافٍ.",
            "cancel": "إلغاء",
            "request": "طلب الخدمة",
            "consentTitle": "",
            "request_message": "",
            "request_more_message": ""
          },
          "DEAF": {
            "code": "DEAF",
            "name": "الصعوبات السمعية",
            "note": "",
            "category": "SP_SERVICE_REQUEST",
            "consentDesc": "يُرجى تأكيد أنك تستطيع التواصل على نحو كافٍ مع طاقمنا من أجل عروض السلامة التوضيحية في أثناء الرحلة وإجراءات إخلاء الطائرة في حالات الطوارئ. لا بد من وجود مساعد لأغراض السلامة (راكب مرافق لك) معك إذا كنت لا تستطيع التواصل مع طاقمنا على نحو كافٍ.",
            "cancel": "إلغاء",
            "request": "طلب الخدمة",
            "consentTitle": "",
            "request_message": "لطلب هذه الخدمة، يرجى الاتصال بأقرب مكتب للخطوط الجوية القطرية أو مركز خدمة العملاء. (<a href='https://www.qatarairways.com/ar/worldwide-offices.html' target='_blank'>www.qatarairways.com/ar/worldwide-offices.html<a>)",
            "request_more_message": "لطلب أكثر من خدمة واحدة، يرجى الاتصال بأقرب مكتب للخطوط الجوية القطرية أو مركز خدمة العملاء. (<a href='https://www.qatarairways.com/ar/worldwide-offices.html' target='_blank'>www.qatarairways.com/ar/worldwide-offices.html<a>)"
          },
          "DPNA": {
            "code": "DPNA",
            "category": "SP_SERVICE_REQUEST",
            "name": "الصعوبات الإدراكية",
            "note": "",
            "consentDesc": "يُرجى تأكيد أنك تستطيع التواصل على نحو كافٍ مع طاقمنا من أجل عروض السلامة التوضيحية في أثناء الرحلة وإجراءات إخلاء الطائرة في حالات الطوارئ. لا بد من وجود مساعد لأغراض السلامة (راكب مرافق لك) معك إذا كنت لا تستطيع التواصل مع طاقمنا على نحو كافٍ.",
            "cancel": "إلغاء",
            "request": "طلب الخدمة",
            "consentTitle": "",
            "request_message": "لطلب هذه الخدمة، يرجى الاتصال بأقرب مكتب للخطوط الجوية القطرية أو مركز خدمة العملاء. (<a href='https://www.qatarairways.com/ar/worldwide-offices.html' target='_blank'>www.qatarairways.com/ar/worldwide-offices.html<a>)",
            "request_more_message": "لطلب أكثر من خدمة واحدة، يرجى الاتصال بأقرب مكتب للخطوط الجوية القطرية أو مركز خدمة العملاء. (<a href='https://www.qatarairways.com/ar/worldwide-offices.html' target='_blank'>www.qatarairways.com/ar/worldwide-offices.html<a>)"
          }
        }
      },
      "srdog_details": {
        "title": "كلاب المساعدة",
        "description": "تسمح الخطوط الجوية القطرية للركاب ذوي الإعاقات باصطحاب كلاب المساعدة الخاصة بهم في مقصورة الطائرة.",
        "ctaTitle": "اختيار",
        "select": "الاختيار",
        "image": "assets/images/Service_Dog.jpg",
        "sdtitle": "كلاب المساعدة",
        "ref": "الرقم المرجعي للحجز:",
        "nextSelct": {
          "desc": "هل ترغب في إضافة الخدمة نفسها إلى رحلتك أو رحلاتك التالية؟",
          "request": "نعم، أضف الخدمة نفسها لجميع الرحلات",
          "cancel": "لا، سأطلب الخدمات بنفسي"
        },
        "note": "ملاحظة",
        "back": "الى الخلف",
        "save": "حفظ",
        "noteHtml": "<ul class='bulleted-list'><li><span class='icon-arrow-strong icon-rotate-rtl'></span>يُقصد بالرحلة رحلة متواصلة في الطائرة نفسها أو برقم الرحلة نفسه وتبدأ أو تنتهي في أحد مطارات الولايات المتحدة. </li><li><span class='icon-arrow-strong icon-rotate-rtl'></span>يُرجى التأكد من وجود جميع المستندات اللازمة المتعلقة بالخروج بالكلب والدخول به إلى وجهتك، وكذلك أي شهادات صحية صادرة عن طبيب بيطري، وتقديمها عند الطلب.</li></ul>",
        "subsets": {
          "ESAN": {
            "code": "ESAN",
            "category": "SERVICE_DOGS",
            "name": "كلاب الدعم العاطفي",
            "note": "يُسمح باصطحاب كلاب الخدمة وكلاب الدعم العاطفي أو النفسي مجانًا على متن الرحلات المغادرة من الولايات المتحدة أو المتجهة إليها.",
            "consentDesc": "يرجى التأكد من حمل جميع المستندات والشهادات المطلوبة لنقل الكلب الخاص بك وفقًا للقانون المحلي للبلد الأجنبي والوثائق التي تثبت أن الحيوان أقل من عام واحد بالإضافة إلى خطاب من أخصائي صحة عقلية مرخص له أو طبيب يستوفي المتطلبات التالية: <br><br><ul class='bulleted-list'>\n<li><span class='icon-arrow-strong icon-rotate-rtl'></span>أن الراكب لديه إعاقة ذات صلة بالصحة العقلية مدرجة في كتيب الدليل التشخيصي والإحصائي للاضطرابات العقلية (DSM IV) ؛ </li><li><span class='icon-arrow-strong icon-rotate-rtl'></span>إذا كان وجود كلب حيوان يرافق الراكب ضروريا للصحة العقلية أو العلاج العقلي للراكب؛ </li><li><span class='icon-arrow-strong icon-rotate-rtl'></span>أن يكون الشخص الذي يقوم بتقييم الراكب متخصصا ومرخصا له للعمل في مجال الصحة العقلية، وأن يكون الراكب تحت رعايته المهنية؛</li><li><span class='icon-arrow-strong icon-rotate-rtl'></span> تحديد تاريخ ونوع الترخيص المهني لإخصائي الصحة العقلية وكذلك الولاية التي أصدرته أو غيرها من الجهات المنوط بها ذلك.</li></ul><br><br>يرجى إحضار ما يكفي من المواد الماصة أو غيرها للكلب الذي قد يقضي حاجته خلال رحلة الطائرة. وذلك من أجل منع أي مخاطر صحية أو تلوث خلال الرحلة بسبب مخلفات الكلب.<br><br> لمزيد من المعلومات، رجاء الاتصال بأقرب مكتب للخطوط الجوية القطرية.",
            "cancel": "إلغاء",
            "request": "طلب الخدمة",
            "consentTitle": "سوف يتم تأكيد طلبك لتوفير خدمة خاصة.",
            "request_message": "لطلب هذه الخدمة، يرجى الاتصال بأقرب مكتب للخطوط الجوية القطرية إليك أو مركز خدمة العملاء. (<a href='https://www.qatarairways.com/en/worldwide-offices.html' target='_blank'>www.qatarairways.com/en/worldwide-offices.html<a>)"
          },
          "SVAN": {
            "code": "SVAN",
            "category": "SERVICE_DOGS",
            "name": "كلاب المساعدة",
            "note": "يُسمح باصطحاب كلاب الخدمة وكلاب الدعم العاطفي أو النفسي مجانًا على متن الرحلات المغادرة من الولايات المتحدة أو المتجهة إليها.",
            "consentDesc": "يرجى التأكد من أنك تحمل جميع الوثائق والشهادات المطلوبة لنقل الكلب الخاص بك وفقاً للقانون المحلي للبلد الأجنبي. <br><br>من المستحسن أن تحمل معك ما يثبت أن الكلب هو كلب خدمة. يمكن أن يكون الإثبات على شكل بطاقة هوية أو وثائق خطية أخرى أو علامات أو حزام أمان أو ما يماثل مثل تلك الإثباتات. <br><br>يرجى إحضار ما يكفي من المواد الماصة أو غيرها للكلب الذي قد يقضي حاجته خلال رحلة الطائرة. وذلك من أجل منع أي مخاطر صحية أو تلوث خلال الرحلة بسبب مخلفات الكلب.<br><br> لمزيد من المعلومات، رجاء الاتصال بأقرب مكتب للخطوط الجوية القطرية.",
            "cancel": "إلغاء",
            "request": "طلب الخدمة",
            "consentTitle": "سوف يتم تأكيد طلبك لتوفير خدمة خاصة.",
            "request_message": "لطلب هذه الخدمة، يرجى الاتصال بأقرب مكتب للخطوط الجوية القطرية أو مركز خدمة العملاء. (<a href='https://www.qatarairways.com/ar/worldwide-offices.html' target='_blank'>www.qatarairways.com/ar/worldwide-offices.html<a>)"
          }
        }
      },
      "devices": {
        "title": "اصطحاب الأجهزة المساعدة على متن الطائرة",
        "adtitle": "اصطحاب الأجهزة المساعدة على متن الطائرة",
        "ref": "الرقم المرجعي للحجز:",
        "nextSelct": {
          "desc": "هل ترغب في إضافة الخدمة نفسها إلى رحلتك (أو رحلاتك) التالية؟",
          "request": "نعم، أضف الخدمة لجميع الرحلات",
          "cancel": "لا، سوف أحدّد الخدمات لكل رحلة"
        },
        "back": "الى الخلف",
        "save": "حفظ",
        "description": "تسمح الخطوط الجوية القطرية بحمل الأجهزة المساعدة داخل مقصورة الركاب، ويُقصد بها الأجهزة التي تساعد المسافرين على الإبصار أو السمع، أو في القدرة على التواصل أو التحرك، أو أداء أي وظائف أخرى في الحياة اليومية. كما تُعد الأدوية والأجهزة الطبية أيضًا من الأجهزة المساعدة",
        "ctaTitle": "اختيار أجهزة مساعدة على متن الطائرة",
        "multiSelection": "تم اختيار عدة خدمات",
        "select": "الاختيار",
        "errorMessage": "يسمح بإدخال 50 حرف (A-Z) كحد أقصى.",
        "image": "assets/images/AssistiveDeviceOnBoard.jpg",
        "subsets": {
          "CANE": {
            "name": "عصا اتكاء",
            "note": "",
            "category": "ADDL_DEV_ONBOARD",
            "code": "CANE"
          },
          "CRUTCHES": {
            "name": "عكازات",
            "note": "",
            "category": "ADDL_DEV_ONBOARD",
            "code": "CRUTCHES"
          },
          "WALKER": {
            "name": "(جهاز يساعد على المشي (مشاية)",
            "note": "",
            "category": "ADDL_DEV_ONBOARD",
            "code": "WALKER"
          },
          "MED_SYRINGES_AUTO_INJECTORS": {
            "name": "أدوية مثل المحاقن والمحاقن الأوتوماتيكية",
            "note": "",
            "category": "ADDL_DEV_ONBOARD",
            "code": "MED_SYRINGES_AUTO_INJECTORS"
          },
          "VISION_ENHANCING_DEVICES": {
            "name": "أجهزة المساعدة على الإبصار",
            "note": "",
            "category": "ADDL_DEV_ONBOARD",
            "code": "VISION_ENHANCING_DEVICES"
          },
          "PORTABLE_OXYGEN_CONCENTRATORS": {
            "name": "جهاز تركيز الأكسجين",
            "note": "",
            "category": "ADDL_DEV_ONBOARD",
            "code": "PORTABLE_OXYGEN_CONCENTRATORS"
          },
          "VENTILATORS_NON_SPILLABLE_BATTERIES": {
            "name": "أجهزة تنفس ببطاريات مقاومة للتسريب",
            "note": "",
            "category": "ADDL_DEV_ONBOARD",
            "code": "VENTILATORS_NON_SPILLABLE_BATTERIES"
          },
          "RESPIRATORS_NON_SPILLABLE_BATTERIES": {
            "name": "أقنعة تنفس ببطاريات مقاومة للتسريب",
            "note": "",
            "category": "ADDL_DEV_ONBOARD",
            "code": "RESPIRATORS_NON_SPILLABLE_BATTERIES"
          },
          "OTHERS": {
            "name": "أجهزة أخرى غير مذكورة فيما سبق (يُرجى التحديد)",
            "note": "",
            "category": "ADDL_DEV_ONBOARD",
            "code": "OTHERS",
            "cancel": "إلغاء",
            "request": "حفظ",
            "consentTitle": "يُرجى تحديد جهازك"
          }
        }
      },
      "ssr_messages": {
        "WHEELCHAIR_REQUEST_ALL_ARE_CONFIRMED": {
          "description": "<span>تم تأكيد طلبك لخدمة المقعد المتحرك.<a class='readmore'><span>+ للمزيد من المعلومات</span> <abbr>- إخفاء</abbr></a></span> <span class='readmoreContent'>يرج <a href='https://www.qatarairways.com/ar-ar/worldwide-offices.html' target='_blank'> الاتصال </a> بأقرب مكتب طيران للحصول على التفاصيل. <br> يُرجى الوصول إلى المطار قبل ساعة من بدء موعد تسجيل الدخول إلى الطائرة وتعريف نفسك لموظفي مكاتبنا حتى نستطيع مساعدتك على أفضل نحو ممكن.</span>"
        },
        "WHEELCHAIR_REQUEST_SOME_ARE_CONFIRMED": {
          "description": "<span>يسعدنا إبلاغك بأن طلبك لخدمة المقعد المتحرك قد تم تأكيده جزئيًا.<a class='readmore'><span>+ للمزيد من المعلومات</span> <abbr>- إخفاء</abbr></a></span> <span class='readmoreContent'>يرج <a href='https://www.qatarairways.com/ar-ar/worldwide-offices.html' target='_blank'> الاتصال </a> بأقرب مكتب طيران للحصول على التفاصيل. <br> يُرجى الوصول إلى المطار قبل ساعة من بدء موعد تسجيل الدخول إلى الطائرة وتعريف نفسك لموظفي مكاتبنا حتى نستطيع مساعدتك على أفضل نحو ممكن.</span>"
        },
        "WHEELCHAIR_REQUEST_ALL_ARE_ON_REQUEST": {
          "description": "<span>لقد تلقينا طلبك لخدمة المقعد المتحرك.<a class='readmore'><span>+ للمزيد من المعلومات</span> <abbr>- إخفاء</abbr></a></span> <span class='readmoreContent'>يرج <a href='https://www.qatarairways.com/ar-ar/worldwide-offices.html' target='_blank'> الاتصال </a> بأقرب مكتب طيران للحصول على التفاصيل. <br> يُرجى الوصول إلى المطار قبل ساعة من بدء موعد تسجيل الدخول إلى الطائرة وتعريف نفسك لموظفي مكاتبنا حتى نستطيع مساعدتك على أفضل نحو ممكن.</span>"
        },
        "WHEELCHAIR_REQUEST_ALL_ARE_UNCONFIRMED": {
          "description": "<span>لم يتم تأكيد طلبك لخدمة المقعد المتحرك.<br><a class='readmore'><span>+ للمزيد من المعلومات</span> <abbr>- إخفاء</abbr></a></span> <span class='readmoreContent'>يرج <a href='https://www.qatarairways.com/ar-ar/worldwide-offices.html' target='_blank'> الاتصال </a> بأقرب مكتب طيران للحصول على التفاصيل. <br> يُرجى الوصول إلى المطار قبل ساعة من بدء موعد تسجيل الدخول إلى الطائرة وتعريف نفسك لموظفي مكاتبنا حتى نستطيع مساعدتك على أفضل نحو ممكن.</span>"
        },
        "WHEELCHAIR_REQUEST_WCMP_ADDED": {
          "description": "<span>تم تحديث طلبك لتوفير مكان للمقعد المتحرك اليدوي الخاص بك. <br>يُرجى العلم أن أماكن. <a class='readmore'><span>+ للمزيد من المعلومات</span> <abbr>- إخفاء</abbr></a></span><span class='readmoreContent'><br>يُرجى العلم أن أماكن حفظ الكراسي المتحركة في مقصورة الطائرة تُقدم على حسب أسبقية الوصول إلى بوابة الصعود إلى الطائرة وأنها غير متوفرة إلا للمقاعد المتحركة اليدوية التي يمكن طيها ولا تتجاوز أبعادها 13×36×42 بوصة (33×91×106 سنتيمتر) ولا تحتاج لتفكيك أو فك العجلات. <br> وفي حالة عدم توفر مكان لمقعدك في مقصورة الطائرة، فسيُوضع في مخزن الأمتعة.</span>"
        },
        "WHEELCHAIR_REQUEST_WCBD_ADDED": {
          "description": "<span>تم تحديث طلبك للسفر بمقعدك المتحرك أو جهازك الخاص للمساعدة على الحركة الذي يعمل ببطارية جافة/بطارية جل. <a class='readmore'><span>+ للمزيد من المعلومات</span> <abbr>- إخفاء</abbr></a></span><span class='readmoreContent'> ببطارية جافة/بطارية جل.  <br>سيُحفظ جهازك ضمن الأمتعة المسجلة وفقًا لاشتراطات السلامة واشتراطات الأمن التنظيمية التي تسري عليه.  <br>يُرجى الوصول إلى المطار قبل موعد إنهاء إجراءات السفر لرحلتك بمدة ساعة وتعريف موظفي مكتب إنهاء إجراءات السفر بنفسك حتى نستطيع مساعدتك على أفضل نحو ممكن.</span>"
        },
        "WHEELCHAIR_REQUEST_WCBW_ADDED": {
          "description": "<span>لقد تم تحديث طلبك للسفر بمقعدك المتحرك أو جهازك الخاص للمساعدة على الحركة الذي يعمل ببطارية رطبة.<a class='readmore'><span>+ للمزيد من المعلومات</span> <abbr>- إخفاء</abbr></a></span><span class='readmoreContent'> .  <br>سيُحفظ جهازك ضمن الأمتعة المسجلة وفقًا لاشتراطات السلامة واشتراطات الأمن التنظيمية التي تسري عليه.  <br>يُرجى الوصول إلى المطار قبل موعد إنهاء إجراءات السفر لرحلتك بمدة ساعة وتعريف موظفي مكتب إنهاء إجراءات السفر بنفسك حتى نستطيع مساعدتك على أفضل نحو ممكن.</span>"
        },
        "WHEELCHAIR_REQUEST_WCLB_ADDED": {
          "description": "<span>لقد تم تحديث طلبك للسفر بمقعدك المتحرك أو جهازك الخاص للمساعدة على الحركة الذي يعمل ببطارية ليثيوم.<a class='readmore'><span>+ للمزيد من المعلومات</span> <abbr>- إخفاء</abbr></a></span><span class='readmoreContent'> يُرجى الوصول إلى المطار قبل ساعة من بدء موعد تسجيل الدخول إلى الطائرة وتعريف نفسك لموظفي مكاتبنا حتى نستطيع مساعدتك على أفضل نحو ممكن. سيُحفظ جهازك ضمن الأمتعة المسجلة وفقًا لاشتراطات السلامة والأمن التنظيمية المطبقة. .</span>"
        },
        "SPECIAL_SERVICE_ADDED_CONFIRMED": {
          "description": "<span>تم تأكيد طلبك لتوفير مساعدة خاصة. <a class='readmore'><span>+ للمزيد من المعلومات</span> <abbr>- إخفاء</abbr></a></span><span class='readmoreContent'>يُرجى الوصول إلى المطار قبل ساعة من بدء موعد تسجيل الدخول إلى الطائرة وتعريف نفسك لموظفي مكاتبنا حتى نستطيع مساعدتك على أفضل نحو ممكن. سيقدم موظفونا المساعدة لك طوال الرحلة منذ لحظة وصولك إلى مبنى المغادرين، وخلال الصعود إلى الطائرة وعلى متنها، وكذلك في أثناء فترة الترانزيت حتى وصولك إلى آخر وجهة. ولكنهم لن يستطيعوا مساعدتك في تقديم أي خدمة طبية، أو تناول الطعام، أو في داخل دورة المياه.</span>"
        },
        "SPECIAL_SERVICE_ADDED_NOT_CONFIRMED": {
          "description": "<span>لم يتم تأكيد طلبك لتوفير خدمة خاصة.<a class='readmore'><span>+ للمزيد من المعلومات</span> <abbr>- إخفاء</abbr></a></span><span class='readmoreContent'>يرج <a href='https://www.qatarairways.com/ar-ar/worldwide-offices.html' target='_blank'> الاتصال </a> بأقرب مكتب طيران للحصول على التفاصيل.</span>"
        },
        "SPECIAL_SERVICE_ADDED_ON_REQUEST": {
          "description": "<span>تم استلام طلبك لتوفير مساعدة خاصة.<a class='readmore'><span>+ Learn more</span> <abbr>- Hide</abbr></a></span> <span class='readmoreContent'> يرجى الوصول إلى المطار قبل ساعة من بدء موعد تسجيل الدخول إلى الطائرة وتعريف نفسك لموظفي مكاتبنا حتى نستطيع مساعدتك على أفضل نحو ممكن.  \n<br>سيقدم موظفونا المساعدة لك طوال الرحلة منذ لحظة وصولك إلى مبنى المغادرين، وخلال الصعود إلى الطائرة وعلى متنها، وكذلك في أثناء فترة الترانزيت حتى وصولك إلى آخر وجهة. ولكنهم لن يستطيعوا مساعدتك في تقديم أي خدمة طبية، أو تناول الطعام، أو في داخل دورة المياه.  \n<br>يُرجى الاتصال بأقرب مكتب للخطوط الجوية القطرية إليك أو مركز خدمة العملاء لمزيد من التفاصيل. </span>"
        },
        "SPECIAL_SERVICE_ADDED_PARTIALLY_CONFIRMED": {
          "description": "<span>طلبك لتوفير خدمات خاصة تم تأكيده جزئيًا.<a class='readmore'><span>+ للمزيد من المعلومات</span> <abbr>- إخفاء</abbr></a></span><span class='readmoreContent'> يرج <a href='https://www.qatarairways.com/ar-ar/worldwide-offices.html' target='_blank'> الاتصال </a> بأقرب مكتب طيران للحصول على التفاصيل.</span>"
        },
        "EMOTIONAL_SUPPORT_ADDED_CONFIRMED": {
          "description": "<span>تم استلام طلبك للسفر مع حيوان مساعد (كلب) يوفر الدعم العاطفي والنفسي في مقصورة الطائرة. <a class='readmore'><span>+ للمزيد من المعلومات</span> <abbr>- إخفاء</abbr></a></span><span class='readmoreContent'>يُرجى الوصول إلى المطار قبل ساعة من بدء موعد تسجيل الدخول إلى الطائرة وتعريف نفسك لموظفي مكاتبنا حتى نستطيع مساعدتك على أفضل نحو ممكن. <br><br>ُرجى الحرص على تقديم المستندات المؤيدة، بما فيها رخصة الخروج من دولة المغادرة والدخول إلى دولة الوصول، وشهادة تثبت أن الحيوان عمره أقل من عام واحد، وشهادة من متخصص مرخَّص في الصحة النفسية أو من طبيب، على أن تتوفر فيها الاشتراطات التالية:<br><br>- مكتوبة على ورق المطبوعات الخاص باختصاصي الصحة النفسية (ورق مروَّس) وتثبت أن المريض يتلقى الرعاية من الاختصاصي الذي أصدر الشهادة  <br><br> - موضح بها تاريخ ونوع ترخيص مزاولة المهنة الحاصل عليه اختصاصي الصحة النفسية والدولة أوالمنطقة القضائية الذي صدر به<br><br> -(النص على أن المسافر لديه إضطراب متعلق بالصحة النفسية من الاضطرابات المنصوص عليها في الدليل التشخيصي والإحصائي للاضطرابات العقلية (الإصدار الرابع<br><br> - النص على أن مرافقة الحيوان للراكب ضرورية لصحة الراكب النفسية أو العاطفية أثناء الرحلة<br><br>يرج <a href='https://www.qatarairways.com/ar-ar/worldwide-offices.html' target='_blank'> الاتصال </a> بأقرب مكتب طيران للحصول على التفاصيل.</span>"
        },
        "EMOTIONAL_SUPPORT_ADDED_NOT_CONFIRMED": {
          "description": "<span>لم يتم تأكيد طلبك للسفر بحيوان (كلب) للدعم العاطفي والخدمة النفسية في مقصورة الطائرة.<a class='readmore'><span>+ للمزيد من المعلومات</span> <abbr>- إخفاء</abbr></a></span><span class='readmoreContent'>يرج <a href='https://www.qatarairways.com/ar-ar/worldwide-offices.html' target='_blank'> الاتصال </a> بأقرب مكتب طيران للحصول على التفاصيل.</span>"
        },
        "EMOTIONAL_SUPPORT_ADDED_ON_REQUEST": {
          "description": "<span>تم استلام طلبك للسفر مع حيوان مساعد (كلب) يوفر الدعم العاطفي والنفسي في مقصورة الطائرة. <a class='readmore'><span>+اعرف المزيد</span> <abbr>- إخفاء</abbr></a></span></span> <span class='readmoreContent'>يُرجى الوصول إلى المطار قبل ساعة من بدء موعد تسجيل الدخول إلى الطائرة وتعريف نفسك لموظفي مكاتبنا حتى نستطيع مساعدتك على أفضل نحو ممكن. <br>يُرجى الحرص على تقديم المستندات المطلوبة لنقل الكلب الخاص بك وفقًا للقانون المحلي للبلد الأجنبي، بما فيها رخصة الخروج من دولة المغادرة والدخول إلى دولة الوصول، وشهادة تثبت أن الحيوان عمره أقل من عام واحد، وشهادة من متخصص مرخَّص في الصحة النفسية أو من طبيب، على أن تتوفر فيها الاشتراطات التالية: <br><br><ul class='bulleted-list'>\n<li><span class='icon-arrow-strong icon-rotate-rtl'></span>أن الراكب لديه إعاقة ذات صلة بالصحة العقلية مدرجة في كتيب الدليل الت��خيصي والإحصائي للاضطرابات العقلية (DSM IV) ؛ </li><li><span class='icon-arrow-strong icon-rotate-rtl'></span>إذا كان وجود كلب حيوان يرافق الراكب ضروريا للصحة العقلية أو العلاج العقلي للراكب؛ </li><li><span class='icon-arrow-strong icon-rotate-rtl'></span>أن يكون الشخص الذي يقوم بتقييم الراكب متخصصا ومرخصا له للعمل في مجال الصحة العقلية، وأن يكون الراكب تحت رعايته المهنية؛</li><li><span class='icon-arrow-strong icon-rotate-rtl'></span> تحديد تاريخ ونوع الترخيص المهني لإخصائي الصحة العقلية وكذلك الولاية التي أصدرته أو غيرها من الجهات المنوط بها ذلك.</li></ul><br><br>يرجى إحضار ما يكفي من المواد الماصة أو غيرها للكلب الذي قد يقضي حاجته خلال رحلة الطائرة. وذلك من أجل منع أي مخاطر صحية أو تلوث خلال الرحلة بسبب مخلفات الكلب.<br><br> لمزيد من المعلومات، رجاء الاتصال بأقرب مكتب للخطوط الجوية القطرية."
        },
        "EMOTIONAL_SUPPORT_ADDED_PARTIALLY_CONFIRMED": {
          "description": "<span>طلبك للسفر بحيوان (كلب) للدعم العاطفي والخدمة النفسية في مقصورة الطائرة تم تأكيده جزئيًا. <a class='readmore'><span>+ للمزيد من المعلومات</span> <abbr>- إخفاء</abbr></a></span><span class='readmoreContent'> يرج <a href='https://www.qatarairways.com/ar-ar/worldwide-offices.html' target='_blank'> الاتصال </a> بأقرب مكتب طيران للحصول على التفاصيل.</span>"
        },
        "SERVICE_DOG_ADDED_CONFIRMED": {
          "description": "<span>تم تأكيد طلبك لتوفير خدمة خاصة.<a class='readmore'><span>+ للمزيد من المعلومات</span> <abbr>- إخفاء</abbr></a></span><span class='readmoreContent'> ُرجى الوصول إلى المطار قبل ساعة من بدء موعد تسجيل الدخول إلى الطائرة وتعريف نفسك لموظفي مكاتبنا حتى نستطيع مساعدتك على أفضل نحو ممكن.<br><br>يُرجى التأكد من وجود جميع المستندات اللازمة المتعلقة بالسفر مع الحيوان الأليف الخاص بك بما فيها رخصة الخروج من دولة المغادرة ومستندات الدخول إلى دولة الوصول، وكذلك أي شهادات صحية صادرة عن طبيب بيطري، وتقديمها عند الطلب. <br><br>نُوصى بأن تحمل معك ما يثبت أن الحيوان المرافق لك من حيوانات الخدمة، مثل بطاقات أو مستندات إثبات هوية أو وسم أو حزام أمان أو ما في حكم ذلك، و/أو خطاب من متخصص في الرعاية الصحية أو أي إثبات آخر لحاجتك إلى كلب خدمة في أثناء الرحلة.  الرجاء العلم أنه لا تُقبل كلاب الخدمة التي ما زالت تحت التمرين.يرج <a href='https://www.qatarairways.com/ar-ar/worldwide-offices.html' target='_blank'> الاتصال </a> بأقرب مكتب طيران للحصول على التفاصيل.</span>"
        },
        "SERVICE_DOG_ADDED_NOT_CONFIRMED": {
          "description": "<span>لم يتم تأكيد طلبك لتوفير خدمات خاصة.<a class='readmore'><span>+ للمزيد من المعلومات</span> <abbr>- إخفاء</abbr></a></span><span class='readmoreContent'>يرج <a href='https://www.qatarairways.com/ar-ar/worldwide-offices.html' target='_blank'> الاتصال </a> بأقرب مكتب طيران للحصول على التفاصيل.</span>"
        },
        "SERVICE_DOG_ADDED_ON_REQUEST": {
          "description": "<span>لقد تم استلام طلبك للحصول على خدمات خاصة.<a class='readmore'><span>+ للمزيد من المعلومات</span> <abbr>- إخفاء</abbr></a></span><span class='readmoreContent'>  ُرجى الوصول إلى المطار قبل ساعة من بدء موعد تسجيل الدخول إلى الطائرة وتعريف نفسك لموظفي مكاتبنا حتى نستطيع مساعدتك على أفضل نحو ممكن.<br><br>يُرجى التأكد من وجود جميع المستندات اللازمة المتعلقة بالسفر مع الحيوان الأليف الخاص بك بما فيها رخصة الخروج من دولة المغادرة ومستندات الدخول إلى دولة الوصول، وكذلك أي شهادات صحية صادرة عن طبيب بيطري، وتقديمها عند الطلب. <br><br>نُوصى بأن تحمل معك ما يثبت أن الحيوان المرافق لك من حيوانات الخدمة، مثل بطاقات أو مستندات إثبات هوية أو وسم أو حزام أمان أو ما في حكم ذلك، و/أو خطاب من متخصص في الرعاية الصحية أو أي إثبات آخر لحاجتك إلى كلب خدمة في أثناء الرحلة.  الرجاء العلم أنه لا تُقبل كلاب الخدمة التي ما زالت تحت التمرين.يرج <a href='https://www.qatarairways.com/ar-ar/worldwide-offices.html' target='_blank'> الاتصال </a> بأقرب مكتب طيران للحصول على التفاصيل.</span>"
        },
        "SERVICE_DOG_ADDED_PARTIALLY_CONFIRMED": {
          "description": "<span>طلبك لتوفير خدمات خاصة تم تأكيده جزئيًا.<a class='readmore'><span>+ للمزيد من المعلومات</span> <abbr>- إخفاء</abbr></a></span><span class='readmoreContent'>يرج <a href='https://www.qatarairways.com/ar-ar/worldwide-offices.html' target='_blank'> الاتصال </a> بأقرب مكتب طيران للحصول على التفاصيل.</span>"
        },
        "ADOB_ADDED_CONFIRMED": {
          "description": "<span>تم تحديث طلبك بحمل حجهاز مساعدة في مقصورة الركاب على الرحلات المتجهة إلى الولايات المتحدة أو المغادرة منها. بسبب المساحة المحدودة في داخل مقصورة الركاب، تُقبل أجهزة المساعدة عند بوابة الصعود إلى الطائرة حسب أسبقية تقديمها.</span>"
        },
        "ADOB_ADDED_ON_REQUEST": {
          "description": "<span>تم تحديث طلبك بحمل حجهاز مساعدة في مقصورة الركاب على الرحلات المتجهة إلى الولايات المتحدة أو المغادرة منها. بسبب المساحة المحدودة في داخل مقصورة الركاب، تُقبل أجهزة المساعدة عند بوابة الصعود إلى الطائرة حسب أسبقية تقديمها.</span>"
        },
        "ADOB_ADDED_NOT_CONFIRMED": {
          "description": "<span>تم تحديث طلبك بحمل حجهاز مساعدة في مقصورة الركاب على الرحلات المتجهة إلى الولايات المتحدة أو المغادرة منها. بسبب المساحة المحدودة في داخل مقصورة الركاب، تُقبل أجهزة المساعدة عند بوابة الصعود إلى الطائرة حسب أسبقية تقديمها.</span>"
        },
        "ADOB_ADDED_PARTIALLY_CONFIRMED": {
          "description": "<span>تم تحديث طلبك بحمل حجهاز مساعدة في مقصورة الركاب على الرحلات المتجهة إلى الولايات المتحدة أو المغادرة منها. بسبب المساحة المحدودة في داخل مقصورة الركاب، تُقبل أجهزة المساعدة عند بوابة الصعود إلى الطائرة حسب أسبقية تقديمها.</span>"
        }
      },
      "ssr_status": {
        "CONFIRMED": {
          "description": "مؤكّد"
        },
        "NOT_CONFIRMED": {
          "description": "غير مؤكّد"
        },
        "PARTIALLY_CONFIRMED": {
          "description": "مؤكّد بشكل جزئي"
        },
        "ON_REQUEST": {
          "description": "عند بالطلب"
        }
      }
    }
  }