
  {
    "": "DE",
    "ssr": {
      "title": "Besondere Serviceleistungen",
      "ref": "Buchungsnummer:",
      "req": "Sie können mehr als eine besondere Dienstleistung beantragen.",
      "select": "Auswählen",
      "selected": "Ausgewählt",
      "add": "Hinzufügen",
      "remove": "Entfernen",
      "edit": "Bearbeiten",
      "back": "Zurück",
      "mback": "Zurück zu 'Buchung verwalten'",
      "manageBooking": "Buchung verwalten",
      "previousFlight": "Vorheriger Flug",
      "nextFlight": "Nächster Flug",
      "deleteMessage": "Sind Sie sicher, dass Sie diesen Service entfernen möchten?",
      "no": "Nein, bitte entfernen Sie den Service nicht",
      "yes": "Ja, bitte entfernen Sie den Service",
      "delete": "Service entfernen",
      "alert": "Möchten Sie diese Seite wirklich verlassen?",
      "Yes": "Ja, Seite verlassen",
      "No": "Nein, zur Seite zurückkehren",
      "in": "in",
      "wheelchair": "Bitte wählen Sie die Art des von der Fluggesellschaft bereitgestellten Rollstuhlservice aus.",
      "ok": "Service auswählen",
      "route": "route",
      "unSaveNotification": "Wenn Sie diese Seite verlassen, gehen nicht gespeicherte Änderungen möglicherweise verloren. Möchten Sie die Seite wirklich verlassen?",
      "process": "Wird bearbeitet...",
      "continue": "Weiter",
      "saveAndReturn": "Speichern und zurück",
      "departureFlight": "Hinflug",
      "returnFlight": "Rückflug",
      "pmdDescription": "Rückflug",
      "noServiceSelected": "Kein Service ausgewählt",
      "passenger": "Passagier",
      "wheel_details": {
        "title": "Rollstuhl",
        "selectWc": "Rollstuhlservice auswählen",
        "description": "Beantragen Sie den Rollstuhlservice für Ihren Aufenthalt im Abflugterminal, bis zur Flugzeugtreppe oder bis zu Ihrem Sitzplatz in der Kabine. Alternativ können Sie das Mitführen Ihres eigenen Rollstuhls beantragen.",
        "ctaTitle": "Rollstuhlservice auswählen",
        "select": "Auswählen",
        "ref": "Buchungsnummer: ",
        "image": "assets/images/t63-seat.jpg",
        "awc_title": "Durch die Fluggesellschaft zur Verfügung gestellter Rollstuhl",
        "pwc_title": "Persönliches Mobilitätsgerät",
        "pwc_desc": "Geben Sie bitte an, ab welchem Zeitpunkt Ihrer Reise Sie keinen von Qatar Airways gestellten Rollstuhl mehr benötigen werden:",
        "select_pwc": "Bitte wählen Sie Ihre Mobilitätshilfe aus.",
        "pwc_text": "Sie können Ihr persönliches Mobilitätsgerät bis zu den unten angegebenen Punkten mit sich führen.",
        "sel_alert": "Bitte wählen Sie die Art des von der Fluggesellschaft angebotenen Rollstuhl-Service aus, der für den Fluggast {PSGR} für den Flug von {DEP} nach {ARR} angefordert wird.",
        "APW": {
          "err_alert": "Bitte wählen Sie die Art des von der Fluggesellschaft angebotenen Rollstuhl-Service aus, der für den Fluggast {PSGR} angefordert wird."
        },
        "pwc_description": "Das Verstauen von Hilfsgeräten in der Passagierkabine ist nur auf Flügen in die/aus den USA erlaubt. Sämtliche an Bord mitgeführte Hilfsgeräte müssen den anzuwendenden Richtlinien in Bezug auf Sicherheit und gefährliche Substanzen entsprechen. Aufgrund des geringen in der Passagierkabine zur Verfügung stehenden Platzes werden Hilfsgeräte in der Reihenfolge des Eintreffens am Flugsteig zum Mitführen in der Kabine angenommen.",
        "nextSelct": {
          "desc": "Möchten Sie auf Ihrer/Ihren nächsten Flugreise(n) die gleiche Dienstleistung in Anspruch nehmen?",
          "request": "Ja, gleiche Dienstleistung für alle Flüge hinzufügen",
          "cancel": "Nein, ich werde benötigte Dienstleistungen manuell anfordern"
        },
        "note": "Bitte beachten",
        "qa": "Hilfe von Qatar Airways",
        "qa_desc": "Geben Sie bitte an, ab welchem Zeitpunkt Ihrer Reise Sie keinen von Qatar Airways gestellten Rollstuhl mehr benötigen werden:",
        "back": "Zurück",
        "save": "Speichern",
        "pwc": {
          "WCMP": {
            "code": "WCMP",
            "name": "Manueller Rollstuhl",
            "category": "WHEELCHAIR",
            "subCategory": "PERSONAL_MOBILITY",
            "note": "Es kann ein manueller Rollstuhl in der Passagierkabine verstaut werden. Die Entscheidung über die Vergabe dieses Stauraums wird anhand der Reihenfolge des Eintreffens am Flugsteig getroffen.",
            "consentTitle": "Hilfe beim Verstauen eines persönlichen Mobilitätsgeräts",
            "consentDesc": "Wir haben Ihren Antrag auf Mitführung Ihres persönlichen manuellen Rollstuhls erhalten.<br><br>Beachten Sie bitte, dass wir in manchen Flugzeugen nur einen persönlichen Rollstuhl befördern können. Dieser Service wird in der Reihenfolge des Eintreffens am Flugsteig angeboten und steht nur für manuelle, zusammenklappbare Rollstühle bis zu einer Maximalgröße von 33x91x106 Zentimeter (13x36x42 Zoll), die keiner Demontage oder Entfernung der Räder bedürfen, zur Verfügung.",
            "cancel": "Stornieren",
            "request": "Dienstleistung beantragen"
          },
          "WCBD": {
            "code": "WCBD",
            "category": "WHEELCHAIR",
            "subCategory": "PERSONAL_MOBILITY",
            "name": "Rollstuhl oder Mobilitätsgerät mit Trocken-/Gelbatterie",
            "note": "Persönliche Rollstühle können nur bis zum Check-in-Schalter genutzt werden. Nach erfolgtem Check-in müssen Sie in einem von der Fluggesellschaft zur Verfügung gestellten Rollstuhl fahren.",
            "consentTitle": "Hilfe beim Verstauen eines persönlichen Mobilitätsgeräts",
            "consentDesc": "Wir haben Ihren Antrag auf Beförderung Ihres mit einer Trockenbatterie/Gelbatterie betriebenen Rollstuhls oder Mobilitätsgeräts erhalten.<br> Bitte sind Sie eine Stunde vor der Check-in-Zeit für Ihren Flug am Flughafen und bitte weisen Sie sich am  Check-in-Schalter aus, damit wir Sie möglichst gut unterstützen können.<br> Ihr Gerät wird unter Anwendung der Sicherheitsbestimmungen als aufgegebenes Gepäck aufbewahrt.",
            "cancel": "Stornieren",
            "request": "Dienstleistung beantragen"
          },
          "WCBW": {
            "code": "WCBW",
            "category": "WHEELCHAIR",
            "subCategory": "PERSONAL_MOBILITY",
            "name": "Rollstuhl oder Mobilitätsgerät mit Nassbatterie",
            "note": "Persönliche Rollstühle können nur bis zum Check-in-Schalter genutzt werden. Nach erfolgtem Check-in müssen Sie in einem von der Fluggesellschaft zur Verfügung gestellten Rollstuhl fahren.",
            "consentTitle": "Hilfe beim Verstauen eines persönlichen Mobilitätsgeräts",
            "consentDesc": "Wir haben Ihren Antrag auf Beförderung Ihres mit einer Nassbatterie betriebenen Rollstuhls oder Mobilitätsgeräts erhalten.<br> Bitte sind Sie eine Stunde vor der Check-in-Zeit für Ihren Flug am Flughafen und bitte weisen Sie sich am  Check-in-Schalter aus, damit wir Sie möglichst gut unterstützen können.<br>Ihr Gerät wird unter Anwendung der Sicherheitsbestimmungen als aufgegebenes Gepäck gelagert.",
            "cancel": "Stornieren",
            "request": "Dienstleistung beantragen"
          },
          "WCLB": {
            "code": "WCLB",
            "category": "WHEELCHAIR",
            "subCategory": "PERSONAL_MOBILITY",
            "name": "Rollstuhl oder Mobilitätsgerät mit Lithiumbatterie",
            "note": "Persönliche Rollstühle können nur bis zum Check-in-Schalter genutzt werden. Nach erfolgtem Check-in müssen Sie in einem von der Fluggesellschaft zur Verfügung gestellten Rollstuhl fahren.",
            "consentTitle": "Hilfe beim Verstauen eines persönlichen Mobilitätsgeräts",
            "consentDesc": "Wir haben Ihren Antrag auf Beförderung Ihres mit einer Lithiumbatterie betriebenen Rollstuhls oder Mobilitätsgeräts erhalten.<br>Bitte sind Sie eine Stunde vor der Check-in-Zeit für Ihren Flug am Flughafen und bitte weisen Sie sich am  Check-in-Schalter aus, damit wir Sie möglichst gut unterstützen können.<br>Ihr Gerät wird unter Anwendung der Sicherheitsbestimmungen als aufgegebenes Gepäck gelagert.<a href='https://www.qatarairways.com/en/baggage/restricted.html' target='_blank'>Klicken Sie hier</a>um mehr zu erfahren.",
            "cancel": "Stornieren",
            "request": "Dienstleistung beantragen"
          }
        },
        "awc": {
          "WCHR": {
            "code": "WCHR",
            "subCategory": "AIR_PROVIDED",
            "name": "Bis zum Flugsteig",
            "category": "WHEELCHAIR",
            "request_message": "Um diesen Rollstuhl anzufordern, kontaktieren Sie bitte Ihr nächstgelegenes Qatar Airways Büro oder unsere Kundenbetreuung. (<a href='https://www.qatarairways.com/en/worldwide-offices.html' target='_blank'>www.qatarairways.com/en/worldwide-offices.html<a>)",
            "note": "Fordern Sie den Rollstuhl-Service am Flughafenterminal und bis zum Flugsteig an. Passagiere, die diesen Serivce anfordern, können bei Bedarf die Treppe zum Flugzeug bewältigen, können jedoch nicht längere Strecken im Flughafenterminal zu Fuß zurücklegen."
          },
          "WCHS": {
            "code": "WCHS",
            "name": "Bis zur Flugzeugtreppe",
            "category": "WHEELCHAIR",
            "subCategory": "AIR_PROVIDED",
            "request_message": "Um diesen Rollstuhl anzufordern, kontaktieren Sie bitte Ihr nächstgelegenes Qatar Airways Büro oder unsere Kundenbetreuung. (<a href='https://www.qatarairways.com/en/worldwide-offices.html' target='_blank'>www.qatarairways.com/en/worldwide-offices.html<a>)",
            "note": "Fordern Sie den Rollstuhl-Service am Flughafenterminal und beim Bewältigen der Flugzeugtreppe an.Passagiere, die diesen Service anfordern, ist es nicht möglich, die Flugzeugtreppe allein zu bewältigen, sie können jedoch selbst zu ihrem Sitzplatz in der Kabine gelangen."
          },
          "WCHC": {
            "code": "WCHC",
            "name": "Bis zum Sitzplatz in der Kabine",
            "category": "WHEELCHAIR",
            "subCategory": "AIR_PROVIDED",
            "request_message": "Um diesen Rollstuhl anzufordern, kontaktieren Sie bitte Ihr nächstgelegenes Qatar Airways Büro oder unsere Kundenbetreuung. (<a href='https://www.qatarairways.com/en/worldwide-offices.html' target='_blank'>www.qatarairways.com/en/worldwide-offices.html<a>)",
            "note": "Fordern Sie den Rollstuhl-Service am Flughafenterminal und bis zum Sitzplatz in der Kabine an.Alleinreisende Passagiere müssen von einem körperlich leistungsfähigen Helfer begleitet werden. Ausnahmen können jedoch für Passagiere gelten, die sich in einem stabilen medizinischen Zustand befinden und sich während der Reise um ihre eigenen Bedürfnisse beim Essen, Trinken oder Toilettenbesuch kümmern können."
          }
        }
      },
      "ssr_details": {
        "title": "Spezielle Serviceanfrage",
        "description": "Wenn Sie Begleitung bis zum Flugzeug bzw. Hilfe beim Ausstieg benötigen, informieren Sie uns bitte im Voraus, damit wir die nötigen Vorkehrungen treffen können. Sie können auch bei Seh- oder Hörstörungen sowie geistigen Beeinträchtigungen spezielle Betreuungsleistungen beantragen.",
        "ctaTitle": "Wählen Sie spezielle Serviceanfragen aus",
        "select": "Auswählen",
        "image": "assets/images/SpecialServiceRequests.jpg",
        "ref": "Buchungsnummer:",
        "srtitle": "Sonderservice-Anforderungen",
        "multiSelection": "Diverse Dienstleistungen ausgewählt",
        "nextSelct": {
          "desc": "Möchten Sie auf Ihrer/Ihren nächsten Flugreise(n) die gleiche Dienstleistung in Anspruch nehmen?",
          "request": "Ja, gleiche Dienstleistung für alle Flüge hinzufügen",
          "cancel": "Nein, ich werde benötigte Dienstleistungen manuell anfordern"
        },
        "note": "Beachten",
        "noteHtml": "<ul class='bulleted-list'><li> <span class='icon-arrow-strong icon-rotate-rtl'></span>Sie müssen möglicherweise in Begleitung eines Passagiers reisen, der Sie zu Ihrer Sicherheit unterstützt.</a></li><li><span class='icon-arrow-strong icon-rotate-rtl'></span>Unsere Mitarbeiter werden Sie während der gesamten Reise begleiten, ab dem Moment, in dem Sie an Ihrem Abflugterminal eintreffen, während des Boardings und an Bord des Flugzeugs, sowie auch beim Umsteigen und bis zu Ihrem endgültigen Zielort.</li> <li> Während des Fluges wird unser Kabinenpersonal Sie an Bord begleiten, Ihnen beim Aussteigen helfen und Sie bei Bedarf beim Gang zur Toilette und zu Ihrem Sitz zurück begleiten. Es wird Ihnen auch helfen, Ihr Handgepäck und alle Mobilitätshilfen zu verstauen und wiederzufinden, sowie Mahlzeiten zur Vorbereitung auf das Essen zu öffnen und zu identifizieren. Es ist jedoch nicht in der Lage, Ihnen bei der medizinischen Versorgung, beim Essen oder in der Toilette behilflich zu sein.</li> </ul>",
        "back": "Zurück",
        "save": "Speichern",
        "subsets": {
          "BLND": {
            "code": "BLND",
            "name": "Sehbehinderung",
            "category": "SP_SERVICE_REQUEST",
            "note": "",
            "consentDesc": "Bitte bestätigen Sie, ob Sie bei Sicherheitsanweisungen während des Fluges und bei einer Evakuierung aus dem Flugzeug im Notfall angemessen mit unseren Mitarbeitern kommunizieren können.<br> Ein Sicherheitsassistent (begleitender Passagier) muss Sie begleiten, falls Sie keine adäquaten Kommunikationsmöglichkeiten mit unserem Flugpersonal haben.",
            "cancel": "Stornieren",
            "request": "Dienstleistung beantragen",
            "consentTitle": "",
            "request_message": "",
            "request_more_message": ""
          },
          "DEAF": {
            "code": "DEAF",
            "name": "Schwerhörigkeit",
            "note": "",
            "category": "SP_SERVICE_REQUEST",
            "consentDesc": "Bitte bestätigen Sie, ob Sie bei Sicherheitsanweisungen während des Fluges und bei einer Evakuierung aus dem Flugzeug im Notfall angemessen mit unseren Mitarbeitern kommunizieren können.<br> Ein Sicherheitsassistent (begleitender Passagier) muss Sie begleiten, falls Sie keine adäquaten Kommunikationsmöglichkeiten mit unserem Flugpersonal haben.",
            "cancel": "Stornieren",
            "request": "Dienstleistung beantragen",
            "consentTitle": "",
            "request_message": "Um diese Serviceleistung anzufordern, kontaktieren Sie bitte Ihr nächstgelegenes Qatar Airways Büro oder unsere Kundenbetreuung. (<a href='https://www.qatarairways.com/en/worldwide-offices.html' target='_blank'>www.qatarairways.com/en/worldwide-offices.html<a>)",
            "request_more_message": "Um mehr als eine Serviceleistung anzufordern, kontaktieren Sie bitte Ihr nächstgelegenes Qatar Airways Büro oder unsere Kundenbetreuung. (<a href=https://www.qatarairways.com/en/worldwide-offices.html' target='_blank'>www.qatarairways.com/en/worldwide-offices.html<a>)"
          },
          "DPNA": {
            "code": "DPNA",
            "category": "SP_SERVICE_REQUEST",
            "name": "Kognitive Beeinträchtigung",
            "note": "",
            "consentDesc": "Bitte bestätigen Sie, ob Sie bei Sicherheitsanweisungen während des Fluges und bei einer Evakuierung aus dem Flugzeug im Notfall angemessen mit unseren Mitarbeitern kommunizieren können.<br> Ein Sicherheitsassistent (begleitender Passagier) muss Sie begleiten, falls Sie keine adäquaten Kommunikationsmöglichkeiten mit unserem Flugpersonal haben.",
            "cancel": "Stornieren",
            "request": "Dienstleistung beantragen",
            "consentTitle": "",
            "request_message": "Um diese Serviceleistung anzufordern, kontaktieren Sie bitte Ihr nächstgelegenes Qatar Airways Büro oder unsere Kundenbetreuung. (<a href='https://www.qatarairways.com/en/worldwide-offices.html' target='_blank'>www.qatarairways.com/en/worldwide-offices.html<a>)",
            "request_more_message": "Um mehr als eine Serviceleistung anzufordern, kontaktieren Sie bitte Ihr nächstgelegenes Qatar Airways Büro oder unsere Kundenbetreuung. (<a href=https://www.qatarairways.com/en/worldwide-offices.html' target='_blank'>www.qatarairways.com/en/worldwide-offices.html<a>)"
          }
        }
      },
      "srdog_details": {
        "title": "Begleithund",
        "description": "Qatar Airways erlaubt Passagieren mit Einschränkungen, Begleithunde kostenlos mit sich zu führen.",
        "ctaTitle": "Auswählen",
        "select": "Auswählen",
        "image": "assets/images/Service_Dog.jpg",
        "sdtitle": "Begleithund",
        "ref": "Buchungsnummer:",
        "nextSelct": {
          "desc": "Möchten Sie auf Ihrer/Ihren nächsten Flugreise(n) die gleiche Dienstleistung in Anspruch nehmen?",
          "request": "Ja, gleiche Dienstleistung für alle Flüge hinzufügen",
          "cancel": "Nein, ich werde benötigte Dienstleistungen manuell anfordern"
        },
        "note": "Beachten",
        "back": "Zurück",
        "save": "Speichern",
        "noteHtml": "<ul class='bulleted-list'><li><span class='icon-arrow-strong icon-rotate-rtl'></span>Als Flug gilt eine ununterbrochene Reise im selben Flugzeug oder mit einer Flugnummer, der an einem Flughafen in den USA beginnt oder endet. </li><li><span class='icon-arrow-strong icon-rotate-rtl'></span> Bitte stellen Sie sicher, dass Sie alle für den Export und Import Ihres Hundes erforderlichen Dokumente sowie alle vom Tierarzt ausgestellten Gesundheitsbescheinigungen mit sich führen und vorlegen.</li></ul>",
        "subsets": {
          "ESAN": {
            "code": "ESAN",
            "category": "SERVICE_DOGS",
            "name": "Hund zur emotionalen Unterstützung",
            "note": "Diensthunde und Hunde zur emotionalen oder psychiatrischen Unterstützung können kostenlos auf Flügen aus den und in die USA mitgeführt werden.",
            "consentDesc": "Bitte stellen Sie sicher, dass Sie sämtliche Unterlagen und Bescheinigungen mitführen, die gemäß den gesetzlichen Bestimmungen des Ziellandes für die Beförderung Ihres Hundes erforderlich sind. Ferner vorzulegen ist ein von einem entsprechend zugelassenen Psychiater, Psychologen oder Arzt auf dessen offiziellem Briefpapier unterschriebenes Attest, das nicht älter als ein Jahr sein darf und Folgendes bescheinigt: <br><br><ul class='bulleted-list'>\n<li><span class='icon-arrow-strong icon-rotate-rtl'></span>Der Fluggast leidet an einer geistigen oder emotionalen Erkrankung, die durch das Diagnostische und Statistische Handbuch psychischer Störungen (DSM IV) anerkannt ist. </li><li><span class='icon-arrow-strong icon-rotate-rtl'></span>Der Begleithund ist für den Fluggast zur emotionalen Unterstützung oder psychiatrischen Behandlung erforderlich. </li><li><span class='icon-arrow-strong icon-rotate-rtl'></span>Das Attest wurde von einem entsprechend zugelassenen Psychiater, Psychologen oder Arzt ausgestellt, bei dem der Fluggast in Behandlung ist.</li><li><span class='icon-arrow-strong icon-rotate-rtl'></span> Angabe von Ausstellungsdatum, Art der Zulassung des Psychiaters, Psychologen bzw. Arztes sowie Land bzw. Rechtsordnung, in dem/der die Zulassung erfolgte.</li></ul><br><br>Bitte nehmen Sie ausreichend Feuchtigkeit absorbierende Unterlagen oder Mittel mit, damit der Hund während des Flugs ggf. seine Notdurft verrichten kann. Dies ist erforderlich, um gewährleisten zu können, dass der Hundekot auf dem Flug keinerlei Gesundheits- oder Hygienerisiken verursacht.<br><br> Weitere Informationen erhalten Sie beim nächstgelegenen Qatar Airways Büro.",
            "cancel": "Stornieren",
            "request": "Dienstleistung beantragen",
            "consentTitle": "Ihr Antrag auf Sonderservice wird bestätigt werden.",
            "request_message": "Um diese Serviceleistung anzufordern, kontaktieren Sie bitte Ihr nächstgelegenes Qatar Airways Büro oder unsere Kundenbetreuung. (<a href='https://www.qatarairways.com/en/worldwide-offices.html' target='_blank'>www.qatarairways.com/en/worldwide-offices.html<a>)"
          },
          "SVAN": {
            "code": "SVAN",
            "category": "SERVICE_DOGS",
            "name": "Begleithund",
            "note": "Diensthunde und Hunde zur emotionalen oder psychiatrischen Unterstützung können kostenlos auf Flügen aus den und in die USA mitgeführt werde.",
            "consentDesc": "Bitte stellen Sie sicher, dass Sie sämtliche Unterlagen und Bescheinigungen mitführen, die gemäß den gesetzlichen Bestimmungen des Ziellandes für die Beförderung Ihres Hundes erforderlich sind. <br><br>Wir empfehlen, stets einen Nachweis mitzuführen, dass es sich bei dem Hund um einen Begleithund handelt. Der Nachweis kann in Form von einer Kennkarte, anderer schriftlicher Unterlagen, einer Erkennungsmarke, durch das Hundegeschirr o. ä. erbracht werden. <br><br>Bitte nehmen Sie ausreichend Feuchtigkeit absorbierende Unterlagen oder Mittel mit, damit der Hund während des Flugs ggf. seine Notdurft verrichten kann. Dies ist erforderlich, um gewährleisten zu können, dass der Hundekot auf dem Flug keinerlei Gesundheits- oder Hygienerisiken verursacht.<br><br> Weitere Informationen erhalten Sie beim nächstgelegenen Qatar Airways Büro.",
            "cancel": "Stornieren",
            "request": "Dienstleistung beantragen",
            "consentTitle": "Ihr Antrag auf Sonderservice wird bestätigt werden.",
            "request_message": "Um diese Serviceleistung anzufordern, kontaktieren Sie bitte Ihr nächstgelegenes Qatar Airways Büro oder unsere Kundenbetreuung. (<a href='https://www.qatarairways.com/en/worldwide-offices.html' target='_blank'>www.qatarairways.com/en/worldwide-offices.html<a>)"
          }
        }
      },
      "devices": {
        "title": "Hilfsgeräte an Bord",
        "adtitle": "Hilfsgeräte an Bord",
        "ref": "Buchungsnummer:",
        "nextSelct": {
          "desc": "Möchten Sie auf Ihrer/Ihren nächsten Flugreise(n) die gleiche Dienstleistung in Anspruch nehmen?",
          "request": "Ja, gleiche Dienstleistung für alle Flüge hinzufügen",
          "cancel": "Nein, ich werde benötigte Dienstleistungen manuell anfordern"
        },
        "back": "Zurück",
        "save": "Speichern",
        "description": "Qatar Airways erlaubt das Verstauen von Hilfsgeräten in der Passagierkabine. Diese Geräte unterstützen die Passagiere beim Sehen oder Hören, bei der Kommunikation, beim Manövrieren oder bei anderen Funktionen des täglichen Lebens. Medikamente und medizinische Geräte gelten ebenfalls als Hilfsmittel.",
        "ctaTitle": "Hilfsgeräte an Bord auswählen",
        "multiSelection": "Mutliple services selected",
        "select": "Auswählen ",
        "errorMessage": "Bis zu 50 Zeichen (A-Z) sind zulässig.",
        "image": "assets/images/AssistiveDeviceOnBoard.jpg",
        "subsets": {
          "CANE": {
            "name": "Gehstock",
            "note": "",
            "category": "ADDL_DEV_ONBOARD",
            "code": "CANE"
          },
          "CRUTCHES": {
            "name": "Unterarmgehstützen",
            "note": "",
            "category": "ADDL_DEV_ONBOARD",
            "code": "CRUTCHES"
          },
          "WALKER": {
            "name": "Gehgestell",
            "note": "",
            "category": "ADDL_DEV_ONBOARD",
            "code": "WALKER"
          },
          "MED_SYRINGES_AUTO_INJECTORS": {
            "name": "Medizinische Hilfsmittel wie z. B. Spritzen und Autoinjektoren",
            "note": "",
            "category": "ADDL_DEV_ONBOARD",
            "code": "MED_SYRINGES_AUTO_INJECTORS"
          },
          "VISION_ENHANCING_DEVICES": {
            "name": "Hilfsmittel zur Verbesserung des Sehvermögens",
            "note": "",
            "category": "ADDL_DEV_ONBOARD",
            "code": "VISION_ENHANCING_DEVICES"
          },
          "PORTABLE_OXYGEN_CONCENTRATORS": {
            "name": "Tragbare Sauerstoffkonzentratoren",
            "note": "",
            "category": "ADDL_DEV_ONBOARD",
            "code": "PORTABLE_OXYGEN_CONCENTRATORS"
          },
          "VENTILATORS_NON_SPILLABLE_BATTERIES": {
            "name": "Beatmungshilfen mit auslaufsicheren Batterien",
            "note": "",
            "category": "ADDL_DEV_ONBOARD",
            "code": "VENTILATORS_NON_SPILLABLE_BATTERIES"
          },
          "RESPIRATORS_NON_SPILLABLE_BATTERIES": {
            "name": "Respiratoren mit auslaufsicheren Batterien",
            "note": "",
            "category": "ADDL_DEV_ONBOARD",
            "code": "RESPIRATORS_NON_SPILLABLE_BATTERIES"
          },
          "OTHERS": {
            "name": "Sonstige, oben nicht aufgeführte Hilfsmittel (bitte angeben)",
            "note": "",
            "category": "ADDL_DEV_ONBOARD",
            "code": "OTHERS",
            "cancel": "Stornieren",
            "request": "Absenden",
            "consentTitle": "Bitte geben Sie Ihr Hilfsmittel an"
          }
        }
      },
      "ssr_messages": {
        "WHEELCHAIR_REQUEST_ALL_ARE_CONFIRMED": {
          "description": "<span>Der von Ihnen angeforderte Rollstuhl-Service ist bestätigt.<a class='readmore'  data-before='+ Learn more' data-after='- hide'></a></span> <span class='readmoreContent'>Bitte<br> <a href='https://www.qatarairways.com/de-de/worldwide-offices.html' target='_blank'>kontaktieren Sie</a> das nächstgelegene Qatar Airways Büro oder Kontaktzentrum für weitere Informationen.<br> Bitte sind Sie eine Stunde vor der Check-in-Zeit für Ihren Flug am Flughafen und bitte weisen Sie sich am  Check-in-Schalter aus, damit wir Sie möglichst gut unterstützen können.</span>"
        },
        "WHEELCHAIR_REQUEST_SOME_ARE_CONFIRMED": {
          "description": "<span>Der von Ihnen angeforderte Rollstuhl-Service wurde teilweise bestätigt.<a class='readmore'  data-before='+ Learn more' data-after='- hide'></a></span> <span class='readmoreContent'>Bitte<br> <a href='https://www.qatarairways.com/de-de/worldwide-offices.html' target='_blank'>kontaktieren Sie</a> das nächstgelegene Qatar Airways Büro oder Kontaktzentrum für weitere Informationen.<br> Bitte sind Sie eine Stunde vor der Check-in-Zeit für Ihren Flug am Flughafen und bitte weisen Sie sich am  Check-in-Schalter aus, damit wir Sie möglichst gut unterstützen können.</span>"
        },
        "WHEELCHAIR_REQUEST_ALL_ARE_ON_REQUEST": {
          "description": "<span>Ihr Antrag auf Rollstuhl-Service ist eingegangen.<a class='readmore'  data-before='+ Learn more' data-after='- hide'></a></span> <span class='readmoreContent'>Bitte<br> <a href='https://www.qatarairways.com/de-de/worldwide-offices.html' target='_blank'>kontaktieren Sie</a> das nächstgelegene Qatar Airways Büro oder Kontaktzentrum für weitere Informationen.<br> Bitte sind Sie eine Stunde vor der Check-in-Zeit für Ihren Flug am Flughafen und bitte weisen Sie sich am  Check-in-Schalter aus, damit wir Sie möglichst gut unterstützen können.</span>"
        },
        "WHEELCHAIR_REQUEST_ALL_ARE_UNCONFIRMED": {
          "description": "<span>Der von Ihnen angeforderte Rollstuhl-Service wurde nicht bestätigt.<br><a class='readmore'  data-before='+ Learn more' data-after='- hide'></a></span> <span class='readmoreContent'>Bitte<br> <a href='https://www.qatarairways.com/de-de/worldwide-offices.html' target='_blank'>kontaktieren Sie</a> das nächstgelegene Qatar Airways Büro oder Kontaktzentrum für weitere Informationen.<br> Bitte sind Sie eine Stunde vor der Check-in-Zeit für Ihren Flug am Flughafen und bitte weisen Sie sich am  Check-in-Schalter aus, damit wir Sie möglichst gut unterstützen können.</span>"
        },
        "WHEELCHAIR_REQUEST_WCMP_ADDED": {
          "description": "<span>Ihr Antrag auf Beförderung eines persönlichen manuellen Rollstuhls wurde aktualisier. <a class='readmore'  data-before='+ Learn more' data-after='- hide' ></a></span><span class='readmoreContent'><br>Die Beförderung von Rollstühlen in der Kabine wird in der Reihenfolge des Eintreffens am Flugsteig angeboten und steht nur für manuelle, zusammenklappbare Rollstühle bis zu einer Maximalgröße von 33x91x106 Zentimeter (13x36x42 Zoll), die keiner Demontage oder Entfernung der Räder bedürfen, zur Verfügung. <br> Sollte in der Kabine nicht genügend Stauraum verfügbar sein, wir Ihr manueller Rollstuhl im Frachtraum befördert.</span>"
        },
        "WHEELCHAIR_REQUEST_WCBD_ADDED": {
          "description": "<span>Ihr Antrag auf Beförderung Ihres mit einer Trockenbatterie/Gelbatterie betriebenen Rollstuhls oder Mobilitätsgeräts wurde aktualisiert.<a class='readmore'  data-before='+ Learn more' data-after='- hide' ></a></span><span class='readmoreContent'>Ihr Gerät wird unter Anwendung der Sicherheitsbestimmungen als aufgegebenes Gepäck aufbewahrt.  <br>Damit wir Sie möglichst gut unterstützen können, treffen Sie bitte eine Stunde vor der Check-in-Zeit für Ihren Flug am Flughafen ein, um sich am Check-in-Schalter auszuweisen.</span>"
        },
        "WHEELCHAIR_REQUEST_WCBW_ADDED": {
          "description": "<span>Your request for travelling with  your personal wet cell battery-powered wheelchair or mobility device has been updated. <a class='readmore'  data-before='+ Learn more' data-after='- hide' ></a></span><span class='readmoreContent'>Ihr Gerät wird unter Anwendung der Sicherheitsbestimmungen als aufgegebenes Gepäck aufbewahrt.  <br>Damit wir Sie möglichst gut unterstützen können, treffen Sie bitte eine Stunde vor der Check-in-Zeit für Ihren Flug am Flughafen ein, um sich am Check-in-Schalter auszuweisen.</span>"
        },
        "WHEELCHAIR_REQUEST_WCLB_ADDED": {
          "description": "<span>Ihr Antrag auf Beförderung Ihres mit einer Nassbatterie betriebenen Rollstuhls oder Mobilitätsgeräts wurde aktualisiert. <a class='readmore'  data-before='+ Learn more' data-after='- hide' ></a></span><span class='readmoreContent'> <br>Ihr Gerät wird unter Anwendung der Sicherheitsbestimmungen als aufgegebenes Gepäck aufbewahrt.  <br>Damit wir Sie möglichst gut unterstützen können, treffen Sie bitte eine Stunde vor der Check-in-Zeit für Ihren Flug am Flughafen ein, um sich am Check-in-Schalter auszuweisen.</span>"
        },
        "SPECIAL_SERVICE_ADDED_CONFIRMED": {
          "description": "<span>Ihr Antrag auf besondere Betreuung ist bestätigt.<a class='readmore'  data-before='+ Learn more' data-after='- hide'></a></span> <span class='readmoreContent'>Bitte sind Sie eine Stunde vor der Check-in-Zeit für Ihren Flug am Flughafen und bitte weisen Sie sich am  Check-in-Schalter aus, damit wir Sie möglichst gut unterstützen können.Unsere Mitarbeiter werden Sie während der gesamten Reise begleiten, ab dem Moment, in dem Sie am Terminal eintreffen, während des Boardings und an Bord des Flugzeugs, sowie auch beim Umsteigen und bis zu Ihrem endgültigen Zielflughafen.<br>Während des Fluges wird unser Kabinenpersonal Sie an Bord begleiten, Ihnen beim Aussteigen helfen und Sie bei Bedarf beim Gang zur Toilette und zu Ihrem Sitz zurück begleiten.<br> Es wird Ihnen auch helfen, Ihr Handgepäck und alle Mobilitätshilfen zu verstauen und wiederzuerhalten, sowie Mahlzeiten zur Vorbereitung auf das Essen öffnen und für sie, wenn nötig, identifizieren.  Es ist jedoch nicht in der Lage, Ihnen bei der medizinischen Versorgung, beim Essen oder in der Toilette behilflich zu sein.Bitte <a href='https://www.qatarairways.com/de-de/worldwide-offices.html' target='_blank'>kontaktieren Sie</a> das nächstgelegene Qatar Airways Büro oder Kontaktzentrum für weitere Informationen.</span>"
        },
        "SPECIAL_SERVICE_ADDED_NOT_CONFIRMED": {
          "description": "<span>Ihr Antrag auf besondere Dienstleistung wurde nicht bestätigt.<br>Bitte<a href='https://www.qatarairways.com/de-de/worldwide-offices.html' target='_blank'>kontaktieren Sie</a> das nächstgelegene Qatar Airways Büro oder Kontaktzentrum für weitere Informationen.</span>"
        },
        "SPECIAL_SERVICE_ADDED_ON_REQUEST": {
          "description": "<span>Wir haben Ihren Antrag auf besondere Betreuung erhalten.<a class='readmore'><span>+ Learn more</span> <abbr>- Hide</abbr></a></span> <span class='readmoreContent'> Damit wir Sie möglichst gut unterstützen können, treffen Sie bitte eine Stunde vor der Check-in-Zeit für Ihren Flug am Flughafen ein, um sich am Check-in-Schalter auszuweisen.  <br>Unsere Mitarbeiter werden Sie während der gesamten Reise begleiten, ab dem Moment, in dem Sie am Terminal eintreffen, während des Boardings und an Bord des Flugzeugs, sowie auch beim Umsteigen und bis zu Ihrem endgültigen Zielflughafen. Unser Personal ist jedoch nicht in der Lage, Ihnen bei der medizinischen Versorgung, beim Essen oder in der Toilette behilflich zu sein.  <br>Bitte kontaktieren Sie das nächstgelegene Qatar Airways Büro oder unsere Kundenbetreuung für weitere Informationen. </span>"
        },
        "SPECIAL_SERVICE_ADDED_PARTIALLY_CONFIRMED": {
          "description": "<span>Ihr Antrag auf besondere Dienstleistung wurde teilweise bestätigt.Bitte<a href='https://www.qatarairways.com/de-de/worldwide-offices.html' target='_blank'>kontaktieren Sie</a> das nächstgelegene Qatar Airways Büro oder Kontaktzentrum für weitere Informationen.</span>"
        },
        "EMOTIONAL_SUPPORT_ADDED_CONFIRMED": {
          "description": "<span>Ihre Anfrage bezüglich der Reise mit einem psychiatrischen Diensttier zur emotionalen Unterstützung (Hund) in der Flugzeugkabine ist eingegange. <a class='readmore'  data-before='+ Learn more' data-after='- hide'></a></span> <span class='readmoreContent'> Bitte sind Sie eine Stunde vor der Check-in-Zeit für Ihren Flug am Flughafen und bitte weisen Sie sich am  Check-in-Schalter aus, damit wir Sie möglichst gut unterstützen können.<br>Bitte stellen Sie sicher, dass Sie Unterlagen wie die Einfuhr- oder Ausfuhrgenehmigung des Tieres, eine Bescheinigung darüber, dass das Tier weniger als ein Jahr alt ist, und einen Brief von einem zugelassenen Psychotherapeuten oder einem Arzt, der die folgenden Anforderungen erfüllt, vorlege:<br><br>-  Auf offiziellem Praxispapier mit der Bestätigung, dass der Patient sich in der Behandlung des ausstellenden zugelassenen Psychotherapeuten befindet. <br>-  Angabe des Datums und der Art der Zulassung des Psychotherapeuten und des Landes oder anderer Jurisdiktion, in der sie ausgestellt wurde.<br><br>- Angabe, dass der Passagier eine psychische Behinderung hat, die im diagnostischen und statistischen Manual psychischer Störungen (Diagnostic and Statistical Manual of Mental Disorders) (vierte Ausgabe) aufgeführt ist<br><br>-  Angabe, dass die Begleitung des Passagiers für seine psychische oder emotionale Gesundheit während der Reise notwendig ist<br> Bitte<a href='https://www.qatarairways.com/de-de/worldwide-offices.html' target='_blank'>kontaktieren Sie</a> das nächstgelegene Qatar Airways Büro oder Kontaktzentrum für weitere Informationen.</span>"
        },
        "EMOTIONAL_SUPPORT_ADDED_NOT_CONFIRMED": {
          "description": "<span>Ihre Anfrage bezüglich der Reise mit einem psychiatrischen Diensttier zur emotionalen Unterstützung (Hund) in der Flugzeugkabine wurde nicht bestätigt.Bitte <a href='https://www.qatarairways.com/de-de/worldwide-offices.html' target='_blank'>kontaktieren Sie</a> das nächstgelegene Qatar Airways Büro oder Kontaktzentrum für weitere Informationen.</span>"
        },
        "EMOTIONAL_SUPPORT_ADDED_ON_REQUEST": {
          "description": "<span>Ihre Anfrage für das Reisen mit einem psychotherapeutischen Assistenzhund in der Fluggastkabine ist eingegangen. <a class='readmore'><span>+ Mehr erfahren</span> <abbr>- Verbergen</abbr></a></span></span> <span class='readmoreContent'>Damit wir Sie möglichst gut unterstützen können, treffen Sie bitte eine Stunde vor der Check-in-Zeit für Ihren Flug am Flughafen ein, um sich am Check-in-Schalter auszuweisen. <br>Bitte stellen Sie sicher, dass Sie sämtliche Unterlagen und Bescheinigungen mitführen, die gemäß den gesetzlichen Bestimmungen des Ziellandes für die Beförderung Ihres Hundes erforderlich sind. Ferner vorzulegen ist ein von einem entsprechend zugelassenen Psychiater, Psychologen oder Arzt auf dessen offiziellem Briefpapier unterschriebenes Attest, das nicht älter als ein Jahr sein darf und Folgendes bescheinigt: <br><br><ul class='bulleted-list'>\n<li><span class='icon-arrow-strong icon-rotate-rtl'></span>Der Fluggast leidet an einer geistigen oder emotionalen Erkrankung, die durch das Diagnostische und Statistische Manual Psychischer Störungen (DSM IV) anerkannt ist. </li><li><span class='icon-arrow-strong icon-rotate-rtl'></span>Der Begleithund ist für den Fluggast zur emotionalen Unterstützung oder psychiatrischen Behandlung erforderlich. </li><li><span class='icon-arrow-strong icon-rotate-rtl'></span>Das Attest wurde von einem entsprechend zugelassenen Psychiater, Psychologen oder Arzt ausgestellt, bei dem der Fluggast in Behandlung ist.</li><li><span class='icon-arrow-strong icon-rotate-rtl'></span> Angabe von Ausstellungsdatum, Art der Zulassung des Psychiaters, Psychologen bzw. Arztes sowie Land bzw. Rechtsordnung, in dem/der die Zulassung erfolgte.</li></ul><br><br>Bitte nehmen Sie ausreichend Feuchtigkeit absorbierende Unterlagen mit, damit der Hund während des Flugs ggf. seine Notdurft verrichten kann. Dies ist erforderlich, um gewährleisten zu können, dass der Hundekot auf dem Flug keinerlei Gesundheits- oder Hygienerisiken verursacht.<br><br> Weitere Informationen erhalten Sie beim nächstgelegenen Qatar Airways Büro."
        },
        "EMOTIONAL_SUPPORT_ADDED_PARTIALLY_CONFIRMED": {
          "description": "<span>Ihre Anfrage bezüglich der Reise mit einem psychiatrischen Diensttier zur emotionalen Unterstützung (Hund) in der Flugzeugkabine wurde teilweise bestätigt.Bitte<a href='https://www.qatarairways.com/de-de/worldwide-offices.html' target='_blank'>kontaktieren Sie</a> das nächstgelegene Qatar Airways Büro oder Kontaktzentrum für weitere Informationen.</span>"
        },
        "SERVICE_DOG_ADDED_CONFIRMED": {
          "description": "<span>Ihr Antrag auf besondere Dienstleistung ist bestätigt. <a class='readmore'  data-before='+ Learn more' data-after='- hide'></a></span> <span class='readmoreContent'></span> <span class='readmoreContent'> Damit wir Sie möglichst gut unterstützen können, treffen Sie bitte eine Stunde vor der Check-in-Zeit für Ihren Flug am Flughafen ein, um sich am Check-in-Schalter auszuweisen.<br> Bitte stellen Sie sicher, dass Sie alle für den Export und Import Ihres Tieres erforderlichen Dokumente sowie die vom Tierarzt ausgestellten Gesundheitsbescheinigungen mit sich führen und vorlegen.<br>Wir empfehlen Ihnen, den Nachweis, dass es sich bei dem Tier um ein Diensttier handelt, wie z. B. Ausweise oder Dokumente, Anhänger, ein Sicherheitsgeschirr oder ähnliches, und/oder einen Brief einer medizinischen Fachkraft oder einen anderen Nachweis, der Ihren Bedarf eines Diensthundes während Ihrer Reise bestätigt, mitzuführen.<br>  Beachten Sie bitte, dass Diensthunde in Ausbildung nicht die Reise antreten dürfen.<br><br>Bitte<a href='https://www.qatarairways.com/de-de/worldwide-offices.html' target='_blank'>kontaktieren Sie</a> das nächstgelegene Qatar Airways Büro oder Kontaktzentrum für weitere Informationen.</span>"
        },
        "SERVICE_DOG_ADDED_NOT_CONFIRMED": {
          "description": "<span>Ihr Antrag auf besondere Dienstleistung wurde nicht bestätigt.Bitte<a href='https://www.qatarairways.com/de-de/worldwide-offices.html' target='_blank'>kontaktieren Sie</a> das nächstgelegene Qatar Airways Büro oder Kontaktzentrum für weitere Informationen.</span>"
        },
        "SERVICE_DOG_ADDED_ON_REQUEST": {
          "description": "<span>Ihre Anfrage für besondere Dienste ist eingegangen. <a class='readmore'  data-before='+ Learn more' data-after='- hide'></a></span> <span class='readmoreContent'></span> <span class='readmoreContent'> Damit wir Sie möglichst gut unterstützen können, treffen Sie bitte eine Stunde vor der Check-in-Zeit für Ihren Flug am Flughafen ein, um sich am Check-in-Schalter auszuweisen.<br> Bitte stellen Sie sicher, dass Sie alle für den Export und Import Ihres Tieres erforderlichen Dokumente sowie die vom Tierarzt ausgestellten Gesundheitsbescheinigungen mit sich führen und vorlegen.<br>Wir empfehlen Ihnen, den Nachweis, dass es sich bei dem Tier um ein Diensttier handelt, wie z. B. Ausweise oder Dokumente, Anhänger, ein Sicherheitsgeschirr oder ähnliches, und/oder einen Brief einer medizinischen Fachkraft oder einen anderen Nachweis, der Ihren Bedarf eines Diensthundes während Ihrer Reise bestätigt, mitzuführen.<br>  Beachten Sie bitte, dass Diensthunde in Ausbildung nicht die Reise antreten dürfen.<br><br>Bitte<a href='https://www.qatarairways.com/de-de/worldwide-offices.html' target='_blank'>kontaktieren Sie</a> das nächstgelegene Qatar Airways Büro oder Kontaktzentrum für weitere Informationen.</span>"
        },
        "SERVICE_DOG_ADDED_PARTIALLY_CONFIRMED": {
          "description": "<span>Ihr Antrag auf besondere Dienstleistungen wurde teilweise bestätigt.Bitte<a href='https://www.qatarairways.com/de-de/worldwide-offices.html' target='_blank'>kontaktieren Sie</a> das nächstgelegene Qatar Airways Büro oder Kontaktzentrum für weitere Informationen.</span>"
        },
        "ADOB_ADDED_CONFIRMED": {
          "description": "<span>Ihr Antrag auf ein tragbares Hilfsmittel  innerhalb der Passagierkabine ist bestätigt. Wir bemühen uns darum diese Gerätschaften in der Reihenfolge des Eintreffens am Flugsteig unterzubringen.</span>"
        },
        "ADOB_ADDED_ON_REQUEST": {
          "description": "<span>Ihr Antrag auf ein tragbares Hilfsmittel  innerhalb der Passagierkabine ist bestätigt. Wir bemühen uns darum diese Gerätschaften in der Reihenfolge des Eintreffens am Flugsteig unterzubringen.</span>"
        },
        "ADOB_ADDED_NOT_CONFIRMED": {
          "description": "<span>Ihr Antrag auf ein tragbares Hilfsmittel  innerhalb der Passagierkabine ist bestätigt. Wir bemühen uns darum diese Gerätschaften in der Reihenfolge des Eintreffens am Flugsteig unterzubringen.</span>"
        },
        "ADOB_ADDED_PARTIALLY_CONFIRMED": {
          "description": "<span>Ihr Antrag auf ein tragbares Hilfsmittel  innerhalb der Passagierkabine ist bestätigt. Wir bemühen uns darum diese Gerätschaften in der Reihenfolge des Eintreffens am Flugsteig unterzubringen.</span>"
        }
      },
      "ssr_status": {
        "CONFIRMED": {
          "description": "Bestätigt"
        },
        "NOT_CONFIRMED": {
          "description": "Nicht bestätigt"
        },
        "PARTIALLY_CONFIRMED": {
          "description": "Teilweise bestätigt"
        },
        "ON_REQUEST": {
          "description": "Auf Anfrage"
        }
      }
    }
  }