 {
    "": "EN",
    "ssr": {
      "title": "Special services",
      "ref": "Booking reference: ",
      "req": "You may request more than one special service.",
      "select": "Select",
      "selected": "Selected",
      "add": "Add",
      "remove": "Remove",
      "edit": "Edit",
      "back": "Back",
      "mback": "Back to 'Manage Booking'",
      "manageBooking": "Manage Booking",
      "previousFlight": "Previous flight",
      "nextFlight": "Next flight",
      "deleteMessage": "Are you sure you want to remove this service?",
      "no": "No, do not remove the service",
      "yes": "Yes, remove this service",
      "delete": "Remove service",
      "alert": "Are you sure you want to leave this page?",
      "Yes": "Yes, leave this page",
      "No": "No, return to this page",
      "in": "in",
      "wheelchair": "Please select the type of the airline-provided wheelchair service required.",
      "ok": "Select service",
      "route": "route",
      "unSaveNotification": "By leaving this page, you may lose your unsaved changes. Are you sure you want to leave this page?",
      "process": "Processing...",
      "continue": "Continue",
      "saveAndReturn": "Save and return",
      "departureFlight": "Departure flight",
      "returnFlight": "Return flight",
      "pmdDescription": "Wheelchair service selected",
      "noServiceSelected": "No service selected",
      "passenger": "Passenger",
      "wheel_details": {
        "title": "Wheelchair",
        "selectWc": "Select wheelchair assistance",
        "description": "Request wheelchair assistance within the departure terminal, or up until the aircraft steps, or until you are seated within the cabin or request to carry your own wheelchair",
        "ctaTitle": "Select wheelchair assistance",
        "select": "Select",
        "ref": "Booking reference: ",
        "image": "assets/images/t63-seat.jpg",
        "awc_title": "Airline-provided wheelchair",
        "pwc_title": "Personal mobility device",
        "pwc_desc": "Please select the point of the journey where you would no longer require a Qatar Airways' provided wheelchair:",
        "select_pwc": "Please select your personal mobility device.",
        "pwc_text": "You can carry your personal mobility device up until the points shown below.",
        "sel_alert": "Please select the type of the airline-provided wheelchair service required for passenger {PSGR} on the flight from {DEP} to {ARR}.",
        "APW": {
          "err_alert": "Please select the type of the airline-provided wheelchair service required for passenger {PSGR}."
        },
        "pwc_description": "Stowage of assistive devices in the passenger cabin is permitted only on flights to/from the U.S. All assistive devices brought on board must meet and comply with applicable safety, security and hazardous materials regulations. Due to limited space available within the passenger cabin, assistive devices will be accepted at the boarding gate on a first-come, first-served basis.",
        "nextSelct": {
          "desc": "Do you want to add the same service for your next flight(s)?",
          "request": "Yes, add the same service for all flights",
          "cancel": "No, I will request services manually"
        },
        "note": "Note",
        "qa": "Qatar Airways Assistance",
        "qa_desc": "Please select the point of the journey where you would no longer require a Qatar Airways' provided wheelchair:",
        "back": "Back",
        "save": "Save",
        "pwc": {
          "WCMP": {
            "code": "WCMP",
            "name": "Manual wheelchair",
            "category": "WHEELCHAIR",
            "subCategory": "PERSONAL_MOBILITY",
            "note": "One manual wheelchair can be stored within the passenger cabin. Priority for wheelchair stowage will be given on a first-come, first-served basis.",
            "consentTitle": "Assistance with stowage of a personal mobility device",
            "consentDesc": "Your request for travelling with your personal manual wheelchair has been received.<br><br>Please note we are able to store one personal wheelchair on some of our Aircrafts. This service is offered on a first-come, first-served basis at the boarding gate and is only applicable to manual collapsible wheelchairs with maximum dimensions of 13x36x42 inches (33x91x106 centimeters) and that do not require disassembly or wheel removal.",
            "cancel": "Cancel",
            "request": "Request service"
          },
          "WCBD": {
            "code": "WCBD",
            "category": "WHEELCHAIR",
            "subCategory": "PERSONAL_MOBILITY",
            "name": "Dry/gel battery-powered wheelchair or mobility device",
            "note": "Personal wheelchairs can only be carried until the check-in counter. Airline-provided wheelchairs will assist you after checking in.",
            "consentTitle": "Assistance with stowage of a personal mobility device",
            "consentDesc": "Your request for travelling with  your personal dry/gel cell battery-powered wheelchair or mobility device has been received.<br>Please arrive at the airport one hour prior to your flight's check-in time and identify yourself at the check-in counter to allow us to assist you in the best possible way.<br>Your device will be stored as checked baggage in accordance with the applicable safety and security regulatory requirements.",
            "cancel": "Cancel",
            "request": "Request service"
          },
          "WCBW": {
            "code": "WCBW",
            "category": "WHEELCHAIR",
            "subCategory": "PERSONAL_MOBILITY",
            "name": "Wet cell battery-powered wheelchair or mobility device",
            "note": "Personal wheelchairs can only be carried until the check-in counter. Airline-provided wheelchairs will assist you after checking in.",
            "consentTitle": "Assistance with stowage of a personal mobility device",
            "consentDesc": "Your request for travelling with  your personal wet cell battery-powered wheelchair or mobility device has been received.<br>Please arrive at the airport one hour prior to your flight's check-in time and identify yourself at the check-in counter to allow us to assist you in the best possible way.<br>Your device will be stored as checked baggage in accordance with the applicable safety and security regulatory requirements.",
            "cancel": "Cancel",
            "request": "Request service"
          },
          "WCLB": {
            "code": "WCLB",
            "category": "WHEELCHAIR",
            "subCategory": "PERSONAL_MOBILITY",
            "name": "Lithium battery-powered wheelchair or mobility device",
            "note": "Personal wheelchairs can only be carried until the check-in counter. Airline-provided wheelchairs will assist you after checking in.",
            "consentTitle": "Assistance with stowage of a personal mobility device",
            "consentDesc": "Your request for travelling with  your personal lithium battery-powered wheelchair or mobility device has been received.<br>Please arrive at the airport one hour prior to your flight's check-in time and identify yourself at the check-in counter to allow us to assist you in the best possible way.<br>Your device will be stored as checked baggage in accordance with the applicable safety and security regulatory requirements. <a href='https://www.qatarairways.com/en/baggage/restricted.html' target='_blank'>Click here</a> for more details.",
            "cancel": "Cancel",
            "request": "Request service"
          }
        },
        "awc": {
          "WCHR": {
            "code": "WCHR",
            "subCategory": "AIR_PROVIDED",
            "name": "Until the aircraft ramp",
            "category": "WHEELCHAIR",
            "request_message": "To request this wheelchair, please contact your nearest Qatar Airways office or Customer Care Centre. (<a href='https://www.qatarairways.com/en/worldwide-offices.html' target='_blank'>www.qatarairways.com/en/worldwide-offices.html<a>)",
            "note": "Request wheelchair assistance within the airport terminal and up until the ramp.<br> Passengers requesting this service can ascend or descend the aircraft's steps if required, but find difficulty in walking for long distances within the airport terminal."
          },
          "WCHS": {
            "code": "WCHS",
            "name": "Until the aircraft steps",
            "category": "WHEELCHAIR",
            "subCategory": "AIR_PROVIDED",
            "request_message": "To request this wheelchair, please contact your nearest Qatar Airways office or Customer Care Centre. (<a href='https://www.qatarairways.com/en/worldwide-offices.html' target='_blank'>www.qatarairways.com/en/worldwide-offices.html<a>)",
            "note": "Request wheelchair assistance within the airport terminal and in ascending or descending the aircraft's steps.<br> Passengers requesting this service are unable to ascend or descend the aircraft's steps on their own, but are able to make their own way to and from the cabin seat."
          },
          "WCHC": {
            "code": "WCHC",
            "name": "Until the cabin seat",
            "category": "WHEELCHAIR",
            "subCategory": "AIR_PROVIDED",
            "request_message": "To request this wheelchair, please contact your nearest Qatar Airways office or Customer Care Centre. (<a href='https://www.qatarairways.com/en/worldwide-offices.html' target='_blank'>www.qatarairways.com/en/worldwide-offices.html<a>)",
            "note": "Request wheelchair assistance within the airport terminal up until cabin seat.<br>Passengers travelling individually must be accompanied by an able-bodied helper. However, exceptions can be made for passengers who are in a stable medical condition and can take care of their own needs in eating, drinking or visiting the lavatory during the course of the journey."
          }
        }
      },
      "ssr_details": {
        "title": "Special Service Request",
        "description": "Request assistance for passengers with visual, hearing or cognitive impairements. \nPlease advise us in advance if you need any assistance to escort you to or from the aircraft so we can make the necessary arrangements.",
        "ctaTitle": "Select special service requests",
        "select": "Select",
        "image": "assets/images/SpecialServiceRequests.jpg",
        "ref": "Booking reference:",
        "srtitle": "Special service requests",
        "multiSelection": "Mutliple services selected",
        "nextSelct": {
          "desc": "Do you want to add the same service for your next flight(s)?",
          "request": "Yes, apply the same to next journey",
          "cancel": "No, I will request services manually"
        },
        "note": "Note",
        "noteHtml": "<ul class='bulleted-list'><li> <span class='icon-arrow-strong icon-rotate-rtl'></span>In certain circumstances, you may be required to travel with a safety assistance. Please<a href='' target='_blank'> click here for more information. </a></li><li><span class='icon-arrow-strong icon-rotate-rtl'></span>Our staff will help you throught your journey from the moment you arrive to your departure terminal, during boarding and on board the aircraft, as well as during your transit until you reach your final destination.</li> <li> During your journey, our cabin crew will help guide you while you board and exit the aircraft and in moving to and from the lavatory when requested. They will also help stow and retrieve your hand baggage and any mobility aid as well as open and identify meals in preparation for dining. They will not, however, be able to assist you in the provision of any medical services, eating, or inside the lavatory. </li> </ul>",
        "back": "Back",
        "save": "Save",
        "subsets": {
          "BLND": {
            "code": "BLND",
            "name": "Visual impairment",
            "category": "SP_SERVICE_REQUEST",
            "note": "",
            "consentDesc": "Please confirm if you can communicate adequately with airline personnel for safety briefings on the flight and for evacuation from the aircraft in the event of an emergency. A safety assistant must accompany the passenger in case the passenger cannot establish adequate means of communication with the airline personnel.",
            "cancel": "Cancel",
            "request": "Request service",
            "consentTitle": "",
            "request_message": "To request this service, please contact your nearest Qatar Airways office or Customer Care Centre. (<a href='https://www.qatarairways.com/en/worldwide-offices.html' target='_blank'>www.qatarairways.com/en/worldwide-offices.html<a>)",
            "request_more_message": "To request more than one service, please contact your nearest Qatar Airways office or Customer Care Centre. (<a href=https://www.qatarairways.com/en/worldwide-offices.html' target='_blank'>www.qatarairways.com/en/worldwide-offices.html<a>)"
          },
          "DEAF": {
            "code": "DEAF",
            "name": "Hearing impairment",
            "note": "",
            "category": "SP_SERVICE_REQUEST",
            "consentDesc": "Please confirm if you can communicate adequately with airline personnel for safety briefings on the flight and for evacuation from the aircraft in the event of an emergency. A safety assistant must accompany the passenger in case the passenger cannot establish adequate means of communication with the airline personnel.",
            "cancel": "Cancel",
            "request": "Request service",
            "consentTitle": "",
            "request_message": "To request this service, please contact your nearest Qatar Airways office or Customer Care Centre. (<a href='https://www.qatarairways.com/en/worldwide-offices.html' target='_blank'>www.qatarairways.com/en/worldwide-offices.html<a>)",
            "request_more_message": "To request more than one service, please contact your nearest Qatar Airways office or Customer Care Centre. (<a href=https://www.qatarairways.com/en/worldwide-offices.html' target='_blank'>www.qatarairways.com/en/worldwide-offices.html<a>)"
          },
          "DPNA": {
            "code": "DPNA",
            "category": "SP_SERVICE_REQUEST",
            "name": "Cognitive impairment",
            "note": "",
            "consentDesc": "Please confirm if you can communicate adequately with airline personnel for safety briefings on the flight and for evacuation from the aircraft in the event of an emergency. A safety assistant must accompany the passenger in case the passenger cannot establish adequate means of communication with the airline personnel.",
            "cancel": "Cancel",
            "request": "Request service",
            "consentTitle": "",
            "request_message": "To request this service, please contact your nearest Qatar Airways office or Customer Care Centre. (<a href='https://www.qatarairways.com/en/worldwide-offices.html' target='_blank'>www.qatarairways.com/en/worldwide-offices.html<a>)",
            "request_more_message": "To request more than one service, please contact your nearest Qatar Airways office or Customer Care Centre. (<a href=https://www.qatarairways.com/en/worldwide-offices.html' target='_blank'>www.qatarairways.com/en/worldwide-offices.html<a>)"
          }
        }
      },
      "srdog_details": {
        "title": "Service dog",
        "description": "Qatar Airways allows service dogs in the passenger cabin, free of charge, to accompany a passenger with a disability.",
        "ctaTitle": "Select",
        "select": "Select",
        "image": "assets/images/Service_Dog.jpg",
        "sdtitle": "Service dog",
        "ref": "Booking reference:",
        "nextSelct": {
          "desc": "Do you want to add the same service for your next flight(s)?",
          "request": "Yes, apply the same to next journey",
          "cancel": "No, I will select manually"
        },
        "note": "Note",
        "back": "Back",
        "save": "Save",
        "noteHtml": "<ul class='bulleted-list'><li><span class='icon-arrow-strong icon-rotate-rtl'></span>A flight is defined as a continuous journey in the same aircraft or with one flight number that begins or ends at a U.S. airport.</li><li><span class='icon-arrow-strong icon-rotate-rtl'></span>Please ensure you carry and present all the necessary documentation relevant to the export and import of your dog, as well as any veterinarian-issued health certificates. </li></ul>",
        "subsets": {
          "ESAN": {
            "code": "ESAN",
            "category": "SERVICE_DOGS",
            "name": "Emotional support dog",
            "note": "Emotional support or psychiatric support dogs are accepted at no additional charge on flights originating or landing in the United States.",
            "consentDesc": "Please ensure to carry all the documents and certificates required to transport your dog as per the local law of the foreign country, documentation certifying that the animal is less than one year old on a letterhead from a licensed mental health professional, as well as a letter from a licensed mental health professional or a medical doctor meeting the following requirements:  <br><br><ul class='bulleted-list'>\n<li><span class='icon-arrow-strong icon-rotate-rtl'></span>that the passenger has a mental health-related disability listed in the Diagnostic and Statistical Manual of Mental Disorders (DSM IV); </li><li><span class='icon-arrow-strong icon-rotate-rtl'></span>That having the animal dog accompany the passenger is necessary to the passenger’s mental health or treatment; </li><li><span class='icon-arrow-strong icon-rotate-rtl'></span>That the individual providing the assessment of the passenger is a licensed mental health professional and the passenger is under his or her professional care;</li><li><span class='icon-arrow-strong icon-rotate-rtl'></span> Stating the date and type of the mental health professional’s license and the state or other jurisdiction in which it was issued.</li></ul><br><br>Please bring with you sufficient absorbent or other material for the dog that may relieve itself on the flight. This is to prevent any health or sanitation risk on the flight due to dog’s waste.<br><br> If further information is required, please contact your nearest Qatar Airways office.",
            "cancel": "Cancel",
            "request": "Request service",
            "consentTitle": "Your request for a special service will be confirmed.",
            "request_message": "To request this service, please contact your nearest Qatar Airways office or Customer Care Centre. (<a href='https://www.qatarairways.com/en/worldwide-offices.html' target='_blank'>www.qatarairways.com/en/worldwide-offices.html<a>)"
          },
          "SVAN": {
            "code": "SVAN",
            "category": "SERVICE_DOGS",
            "name": "Service dog",
            "note": "Service dogs are accepted at no additional charge on flights originating or landing in the United States.",
            "consentDesc": "Please ensure to carry all the documents and certificates required to transport your dog as per the local law of the foreign country. <br><br>It is recommended that you carry along with you the proof that the dog is a service dog. The proof can be in the form of an identification card or other written documentation, tags, a safety harness or the equivalent of such. <br><br>Please bring with you sufficient absorbent or other material for the dog that may relieve itself on the flight. This is to prevent any health or sanitation risk on the flight due to dog’s waste.<br><br> If further information is required, please contact your nearest Qatar Airways office.",
            "cancel": "Cancel",
            "request": "Request service",
            "consentTitle": "Your request for a special service will be confirmed.",
            "request_message": "To request this service, please contact your nearest Qatar Airways office or Customer Care Centre. (<a href='https://www.qatarairways.com/en/worldwide-offices.html' target='_blank'>www.qatarairways.com/en/worldwide-offices.html<a>)"
          }
        }
      },
      "devices": {
        "title": "Assistive devices on board",
        "adtitle": "Assistive devices on board",
        "ref": "Booking reference:",
        "nextSelct": {
          "desc": "Do you want to add the same service for your next flight(s)",
          "request": "Yes, apply the same to next journey",
          "cancel": "No, i will select manually"
        },
        "back": "Back",
        "save": "Save",
        "description": "Qatar Airways permits stowage of assistive devices within the passenger cabin. These devices assist passengers with their vision, hearing, ability to communicate, maneuver or perform other functions of daily life. Medications and medical devices are also considered as assistive devices.",
        "ctaTitle": "Select assistive devices on board",
        "multiSelection": "Mutliple services selected",
        "select": "Select",
        "errorMessage": "Up to 50 characters (A-Z) are allowed.",
        "image": "assets/images/AssistiveDeviceOnBoard.jpg",
        "subsets": {
          "CANE": {
            "name": "Cane",
            "note": "",
            "category": "ADDL_DEV_ONBOARD",
            "code": "CANE"
          },
          "CRUTCHES": {
            "name": "Crutches",
            "note": "",
            "category": "ADDL_DEV_ONBOARD",
            "code": "CRUTCHES"
          },
          "WALKER": {
            "name": "Walker",
            "note": "",
            "category": "ADDL_DEV_ONBOARD",
            "code": "WALKER"
          },
          "MED_SYRINGES_AUTO_INJECTORS": {
            "name": "Medication such as syringes and auto-injectors",
            "note": "",
            "category": "ADDL_DEV_ONBOARD",
            "code": "MED_SYRINGES_AUTO_INJECTORS"
          },
          "VISION_ENHANCING_DEVICES": {
            "name": "Vision-enhancing devices",
            "note": "",
            "category": "ADDL_DEV_ONBOARD",
            "code": "VISION_ENHANCING_DEVICES"
          },
          "PORTABLE_OXYGEN_CONCENTRATORS": {
            "name": "Portable oxygen concentrators",
            "note": "",
            "category": "ADDL_DEV_ONBOARD",
            "code": "PORTABLE_OXYGEN_CONCENTRATORS"
          },
          "VENTILATORS_NON_SPILLABLE_BATTERIES": {
            "name": "Ventilators with non-spillable batteries",
            "note": "",
            "category": "ADDL_DEV_ONBOARD",
            "code": "VENTILATORS_NON_SPILLABLE_BATTERIES"
          },
          "RESPIRATORS_NON_SPILLABLE_BATTERIES": {
            "name": "Respirators with non-spillable batteries",
            "note": "",
            "category": "ADDL_DEV_ONBOARD",
            "code": "RESPIRATORS_NON_SPILLABLE_BATTERIES"
          },
          "OTHERS": {
            "name": "Others not listed above (please specify)",
            "note": "",
            "category": "ADDL_DEV_ONBOARD",
            "code": "OTHERS",
            "cancel": "Cancel",
            "request": "Submit",
            "consentTitle": "Please specify your device."
          }
        }
      },
      "ssr_messages": {
        "WHEELCHAIR_REQUEST_ALL_ARE_CONFIRMED": {
          "description": "<span>Your request for wheelchair service has been confirmed.<a class='readmore'><span>+ Learn more</span> <abbr>- Hide</abbr></a></span> <span class='readmoreContent'>Please<a href='https://www.qatarairways.com/en/worldwide-offices.html' target='_blank'>contact</a> your nearest Qatar Airways office or contact centre for more information. <br> Please arrive at the airport one hour prior to your flight's check-in time and identify yourself at the check-in counter to allow us to assist you in the best possible way.</span>"
        },
        "WHEELCHAIR_REQUEST_SOME_ARE_CONFIRMED": {
          "description": "<span>Your request for wheelchair service has been partially confirmed.Please<a href='https://www.qatarairways.com/en/worldwide-offices.html' target='_blank'>contact</a> your nearest Qatar Airways office or contact centre for more information.</span>"
        },
        "WHEELCHAIR_REQUEST_ALL_ARE_ON_REQUEST": {
          "description": "<span>Your request for wheelchair service has been recieved.<a class='readmore'><span>+ Learn more</span> <abbr>- Hide</abbr></a></span></span> <span class='readmoreContent'>Please<a href='https://www.qatarairways.com/en/worldwide-offices.html' target='_blank'>contact</a> your nearest Qatar Airways office or contact centre for more information. <br> Please arrive at the airport one hour prior to your flight's check-in time and identify yourself at the check-in counter to allow us to assist you in the best possible way.</span>"
        },
        "WHEELCHAIR_REQUEST_ALL_ARE_UNCONFIRMED": {
          "description": "<span>Your request for wheelchair service is not confirmed.<br>Please<a href='https://www.qatarairways.com/en/worldwide-offices.html' target='_blank'>contact</a> your nearest Qatar Airways office or contact centre for more information. <br> Please arrive at the airport one hour prior to your flight's check-in time and identify yourself at the check-in counter to allow us to assist you in the best possible way.</span>"
        },
        "WHEELCHAIR_REQUEST_WCMP_ADDED": {
          "description": "<span>Your request for stowage of a personal manually powered wheelchair has been updated. <a class='readmore'><span>+ Learn more</span> <abbr>- Hide</abbr></a></span></span><span class='readmoreContent'><br>Wheelchair stowage in the cabin is offered on a first-come, first-served basis at the boarding gate and is only applicable to manual collapsible wheelchairs with maximum dimensions of 13x36x42 inches (33x91x106 cintemetres) and that do not require disassembly or wheel removal. <br> If stowage space is not available in the cabin, your manual wheelchair will be stowed in the cargo hold.</span>"
        },
        "WHEELCHAIR_REQUEST_WCBD_ADDED": {
          "description": "<span>Your request for travelling with  your personal dry/gel cell battery-powered wheelchair or mobility device has been updated. <a class='readmore'><span>+ Learn more</span> <abbr>- Hide</abbr></a></span><span class='readmoreContent'>Your device will be stored as checked baggage in accordance with the applicable safety and security regulatory requirements.Please arrive at the airport one hour prior to your flight's check-in time and identify yourself at the check-in counter to allow us to assist you in the best possible way.</span>"
        },
        "WHEELCHAIR_REQUEST_WCBW_ADDED": {
          "description": "<span>Your request for travelling with  your personal wet cell battery-powered wheelchair or mobility device has been updated.<a class='readmore'><span>+ Learn more</span> <abbr>- Hide</abbr></a></span></span> <span class='readmoreContent'>Your device will be stored as checked baggage in accordance with the applicable safety and security regulatory requirements.Please arrive at the airport one hour prior to your flight's check-in time and identify yourself at the check-in counter to allow us to assist you in the best possible way.</span>"
        },
        "WHEELCHAIR_REQUEST_WCLB_ADDED": {
          "description": "<span>Your request for travelling with  your personal lithium battery-powered wheelchair or mobility device has been updated. <a class='readmore'><span>+ Learn more</span> <abbr>- Hide</abbr></a></span></span> <span class='readmoreContent'> Your device will be stored as checked baggage in accordance with the applicable safety and security regulatory requirements.<br> Please arrive at the airport one hour prior to your flight's check-in time and identify yourself at the check-in counter to allow us to assist you in the best possible way.</span>"
        },
        "SPECIAL_SERVICE_ADDED_CONFIRMED": {
          "description": "<span>Your request for special assistance has been confirmed.<a class='readmore'><span>+ Learn more</span> <abbr>- Hide</abbr></a></span></span> <span class='readmoreContent'> Assistance is available to you throughout your journey as needed from the terminal entrance of the departing airport, on the aircraft, during transit to make a connection to another flight and at the final destination. On the aircraft, our cabin crew are available to assist you in moving to and from seat during embarkation and disembarkation from the aircraft, assist you with the stowage and retrieval of your hand baggage and/or any mobility aid, assist you in moving to and from lavatory, help you in preparation for eating such as opening packages and identifying food. However, our cabin crew is unable to assist you in actual eating or provide any assistance required within the aircraft restroom/lavatory and provision of any medical services. For further details you are requested to contact the nearest Qatar Airways Office / Contact Center. For contacts please click here. Please arrive at the airport and identify yourself at the check-in counter at least one hour before the check-in time so that we can better take care of your requirements.</span>"
        },
        "SPECIAL_SERVICE_ADDED_NOT_CONFIRMED": {
          "description": "<span>Your Request for a special service is not confirmed.<br>Please<a href='https://www.qatarairways.com/en/worldwide-offices.html' target='_blank'>contact</a> your nearest Qatar Airways office or contact centre for more information.</span>"
        },
        "SPECIAL_SERVICE_ADDED_ON_REQUEST": {
          "description": "<span>Your request for special assistance has been received.<a class='readmore'><span>+ Learn more</span> <abbr>- Hide</abbr></a></span> <span class='readmoreContent'>Please arrive at the airport one hour prior to your flight's check-in time and identify yourself at the check-in counter to allow us to assist you in the best possible way.<br>Our staff will help you throughout your journey from the moment you arrive to the terminal, during boarding and on board the aircraft, as well as during your transit until you reach your final destination.<br>They will not, however, be able to assist you in the provision of any medical services, eating, or inside the lavatory.<br>Please contact your nearest Qatar Airways office or our Customer Care Centre for further details.</span>"
        },
        "SPECIAL_SERVICE_ADDED_PARTIALLY_CONFIRMED": {
          "description": "<span>Your Request for a special service is partially confirmed.Please<a href='https://www.qatarairways.com/en/worldwide-offices.html' target='_blank'>contact</a>  your nearest Qatar Airways office or contact centre for more information.</span>"
        },
        "EMOTIONAL_SUPPORT_ADDED_CONFIRMED": {
          "description": "<span>Your request for travelling with an emotional support and psychiatric service animal (dog) within the aircraft cabin has been received. <a class='readmore'><span>+ Learn more</span> <abbr>- Hide</abbr></a></span></span> <span class='readmoreContent'>Please arrive at the airport one hour prior to your check-in time and identify yourself at the check-in counter to allow us to assist you in the best possible way. <br>Please ensure you provide supporting documents including the animal’s import or export license, documentation certifying that the animal is less than one year old, and a letter from a licensed mental health professional or a medical doctor meeting the following requirements:<br><br>- Provided on a letterhead and certifying that the patient is under the care of the issuing licensed mental health professional <br>- Specifying the date and type of the mental health professional’s license and the state or other jurisdiction in which it was issued<br><br>- Stating that the passenger has a mental health-related disability listed in the Diagnostic and Statistical Manual of Mental Disorders (fourth edition)<br><br>- Stating that having the animal accompany the passenger is necessary to the passenger’s mental or emotional health during the journey<br><br>For further details you are requested to contact the nearest Qatar Airways Office / Contact Center. For contacts please <a href='https://www.qatarairways.com/en/worldwide-offices.html' target='_blank'>click here</a>.</span>"
        },
        "EMOTIONAL_SUPPORT_ADDED_NOT_CONFIRMED": {
          "description": "<span>Your request for travelling with an emotional support and psychiatric service animal (dog) within the aircraft cabin is not confirmed. Please<a href='https://www.qatarairways.com/en/worldwide-offices.html' target='_blank'>contact</a> your nearest Qatar Airways office or our Customer Care Centre for further details.</span>"
        },
        "EMOTIONAL_SUPPORT_ADDED_ON_REQUEST": {
          "description": "<span>Your request for travelling with an emotional support and psychiatric service animal (dog) within the aircraft cabin has been received. <a class='readmore'><span>+ Learn more</span> <abbr>- Hide</abbr></a></span></span> <span class='readmoreContent'>Please arrive at the airport one hour prior to your check-in time and identify yourself at the check-in counter to allow us to assist you in the best possible way. <br>Please ensure to carry all the documents and certificates required to transport your dog as per the local law of the foreign country, documentation certifying that the animal is less than one year old on a letterhead from a licensed mental health professional, as well as a letter from a licensed mental health professional or a medical doctor meeting the following requirements:  <br><br><ul class='bulleted-list'>\n<li><span class='icon-arrow-strong icon-rotate-rtl'></span>that the passenger has a mental health-related disability listed in the Diagnostic and Statistical Manual of Mental Disorders (DSM IV); </li><li><span class='icon-arrow-strong icon-rotate-rtl'></span>That having the animal dog accompany the passenger is necessary to the passenger’s mental health or treatment; </li><li><span class='icon-arrow-strong icon-rotate-rtl'></span>That the individual providing the assessment of the passenger is a licensed mental health professional and the passenger is under his or her professional care;</li><li><span class='icon-arrow-strong icon-rotate-rtl'></span> Stating the date and type of the mental health professional’s license and the state or other jurisdiction in which it was issued.</li></ul><br><br>Please bring with you sufficient absorbent or other material for the dog that may relieve itself on the flight. This is to prevent any health or sanitation risk on the flight due to dog’s waste.<br><br> If further information is required, please contact your nearest Qatar Airways office."
        },
        "EMOTIONAL_SUPPORT_ADDED_PARTIALLY_CONFIRMED": {
          "description": "<span>Your request for travelling with an emotional support and psychiatric service animal (dog) within the aircraft cabin has been partially confirmed. Please<a href='https://www.qatarairways.com/en/worldwide-offices.html' target='_blank'>contact</a> your nearest Qatar Airways office or our Customer Care Centre for further details.</span>"
        },
        "SERVICE_DOG_ADDED_CONFIRMED": {
          "description": "<span>Your request for special services has been confirmed. <a class='readmore'><span>+ Learn more</span> <abbr>- Hide</abbr></a></span> <span class='readmoreContent'></span> <span class='readmoreContent'>Please arrive at the airport one hour prior to your flight's check-in time and identify yourself at the check-in counter to allow us to assist you in the best possible way.<br>Please ensure you carry and present all the necessary documentation relevant to the export and import of your pet, as well as the veterinarian-issued health certificates.<br>We recommend you carry along evidence that the animal is a service animal such as identifying cards or documents, tags, a safety harness or the equivalent of such, and/or a letter from a medical professional or other evidence certifying your need for a service dog during your journey.<br>Please note that service animals in training will not be accepted.<br><br>For further details you are requested to contact the nearest Qatar Airways Office / Contact Center. For contacts please <a href='https://www.qatarairways.com/en/worldwide-offices.html' target='_blank'>click here</a></span>"
        },
        "SERVICE_DOG_ADDED_NOT_CONFIRMED": {
          "description": "<span>Your request for special services is not confirmed. Please<a href='https://www.qatarairways.com/en/worldwide-offices.html' target='_blank'>contact</a>your nearest Qatar Airways office or our Customer Care Centre for further details.</span>"
        },
        "SERVICE_DOG_ADDED_ON_REQUEST": {
          "description": "<span>Your request for special services has been received. <a class='readmore'><span>+ Learn more</span> <abbr>- Hide</abbr></a></span> <span class='readmoreContent'>Please arrive at the airport one hour prior to your flight's check-in time and identify yourself at the check-in counter to allow us to assist you in the best possible way.<br>Please ensure you carry and present all the necessary documentation relevant to the export and import of your pet, as well as the veterinarian-issued health certificates.<br>We recommend you carry along evidence that the animal is a service animal such as identifying cards or documents, tags, a safety harness or the equivalent of such, and/or a letter from a medical professional or other evidence certifying your need for a service dog during your journey.<br>Please note that service animals in training will not be accepted.<br>For further details you are requested to contact the nearest Qatar Airways Office / Contact Center. For contacts please <a href='https://www.qatarairways.com/en/worldwide-offices.html' target='_blank'>click here</a></span>"
        },
        "SERVICE_DOG_ADDED_PARTIALLY_CONFIRMED": {
          "description": "<span>Your request for special services is partially confirmed.Please<a href='https://www.qatarairways.com/en/worldwide-offices.html' target='_blank'>contact</a> your nearest Qatar Airways office or our Customer Care Centre for further details.</span>"
        },
        "ADOB_ADDED_CONFIRMED": {
          "description": "<span>Your request for carrying assistive device within the passenger cabin has been updated. We will endeavor to accommodate the same on a first come first served basis at the boarding gate.</span>"
        },
        "ADOB_ADDED_ON_REQUEST": {
          "description": "<span>Your request for carrying assistive device within the passenger cabin has been updated. We will endeavor to accommodate the same on a first come first served basis at the boarding gate.</span>"
        },
        "ADOB_ADDED_NOT_CONFIRMED": {
          "description": "<span>Your request for carrying assistive device within the passenger cabin has been updated. We will endeavor to accommodate the same on a first come first served basis at the boarding gate.</span>"
        },
        "ADOB_ADDED_PARTIALLY_CONFIRMED": {
          "description": "<span>Your request for carrying assistive device within the passenger cabin has been updated. We will endeavor to accommodate the same on a first come first served basis at the boarding gate.</span>"
        }
      },
      "ssr_status": {
        "CONFIRMED": {
          "description": "Confirmed"
        },
        "NOT_CONFIRMED": {
          "description": "Not confirmed"
        },
        "PARTIALLY_CONFIRMED": {
          "description": "Partially confirmed"
        },
        "ON_REQUEST": {
          "description": "Upon request"
        }
      }
    }
  }