 {
    "": "ES",
    "ssr": {
      "title": "Servicios especiales",
      "ref": "Referencia de la reserva:",
      "req": "Puede solicitar más de un servicio especial.",
      "select": "Seleccionar",
      "selected": "Seleccionado",
      "add": "Añadir",
      "remove": "Eliminar",
      "edit": "Editar",
      "back": "Volver",
      "mback": "Volver a «Gestionar reserva»",
      "manageBooking": "Gestionar reserva",
      "previousFlight": "Vuelo anterior",
      "nextFlight": "Vuelo siguiente",
      "deleteMessage": "¿Está seguro que desea eliminar este servicio?",
      "no": "No, no quiero eliminar el servicio",
      "yes": "Sí, quiero eliminar este servicio",
      "delete": "Eliminar servicio",
      "alert": "¿Está seguro de que desea abandonar esta página?",
      "Yes": "Sí, abandonar la página",
      "No": "No, volver a la página",
      "in": "in",
      "wheelchair": "Seleccione el tipo de servicio de silla de ruedas suministrada por la aerolínea que necesita.",
      "ok": "Seleccionar un servicio",
      "route": "route",
      "unSaveNotification": "Si abandona la página, es posible que pierda los cambios no guardados. ¿Está seguro de que desea abandonar la página?",
      "process": "Procesando...",
      "continue": "Continuar",
      "saveAndReturn": "Guardar y volver",
      "departureFlight": "Vuelo de ida",
      "returnFlight": "Vuelo de vuelta",
      "pmdDescription": "Servicio de silla de ruedas seleccionado",
      "noServiceSelected": "No se ha seleccionado ningún servicio",
      "passenger": "Pasajero",
      "wheel_details": {
        "title": "de silla de ruedas",
        "selectWc": "Seleccionar asistencia de silla de ruedas",
        "description": "Solicite la asistencia de una silla de ruedas dentro de la terminal de salida, hasta la escalera del avión o hasta sentarse en la cabina, o bien llevar su propia silla de ruedas.",
        "ctaTitle": "Seleccionar asistencia de silla de ruedas",
        "select": "Seleccionar",
        "ref": "Referencia de la reserva:  ",
        "image": "assets/images/t63-seat.jpg",
        "awc_title": "Silla de ruedas suministrada por la aerolínea",
        "pwc_title": "Dispositivo de movilidad personal",
        "pwc_desc": "Puede llevar consigo su propio dispositivo de movilidad hasta los siguiente puntos.",
        "select_pwc": "Seleccione su dispositivo de movilidad personal.",
        "pwc_text": "Por favor seleccione su dispositivo de movilidad personal.",
        "sel_alert": "Seleccione el tipo de servicio de silla de ruedas suministrada por la aerolínea que necesita el pasajero {PSGR} en el vuelo de  {DEP} a {ARR}.",
        "APW": {
          "err_alert": "Seleccione el tipo de servicio de silla de ruedas suministrada por la aerolínea que necesita el pasajero {PSGR}."
        },
        "pwc_description": "El almacenamiento de dispositivos de asistencia en la cabina de pasajeros se permite únicamente en vuelos hacia/desde Estados Unidos. Todos los dispositivos de asistencia que se lleven a bordo deben reunir y cumplir las correspondientes reglamentaciones de seguridad, protección y materiales peligrosos. Debido al espacio limitado disponible en la cabina de pasajeros, los dispositivos de asistencia se aceptarán en la puerta de embarque por orden de llegada.",
        "nextSelct": {
          "desc": "¿Desea añadir el mismo servicio para sus siguientes vuelos?",
          "request": "Sí, añadir el mismo servicio a todos los vuelos.",
          "cancel": "No, solicitaré los servicios manualmente."
        },
        "note": "Nota",
        "qa": "Asistencia de Qatar Airways",
        "qa_desc": "Seleccione el punto del viaje donde ya no necesitará la silla de ruedas suministrada por Qatar Airways:",
        "back": "Espalda",
        "save": "Guardar",
        "pwc": {
          "WCMP": {
            "code": "WCMP",
            "name": "Silla de ruedas manual",
            "category": "WHEELCHAIR",
            "subCategory": "PERSONAL_MOBILITY",
            "note": "es posible almacenar una silla de ruedas manual en la cabina de pasajeros. En la puerta de embarque, la prioridad del almacenamiento de silla de ruedas será por orden de llegada.",
            "consentTitle": "Asistencia de almacenamiento de dispositivos personales de movilidad",
            "consentDesc": "  Hemos recibido su solicitud para viajar con su silla de ruedas manual personal.<br><br>Tenga presente que, en algunos aviones, solo es posible almacenar una silla de ruedas personal. Este servicio se ofrece en base al orden de llegada a la puerta de embarque y solo corresponde a sillas de ruedas manuales plegables con dimensiones máximas de 13 x 36 x 42 pulgadas (33 x 91 x 106 centímetros) que no deban desarmarse ni requieran la extracción de las ruedas.",
            "cancel": "cancelar",
            "request": "Solicitar servicio"
          },
          "WCBD": {
            "code": "WCBD",
            "category": "WHEELCHAIR",
            "subCategory": "PERSONAL_MOBILITY",
            "name": "Silla de ruedas o dispositivo de movilidad con batería seca/de gel",
            "note": "la silla de ruedas personal solo podrá llevarse hasta el mostrador de facturación. Después de la facturación, le asistirá una silla de ruedas suministrada por la aerolínea.",
            "consentTitle": "Asistencia de almacenamiento de dispositivos personales de movilidad",
            "consentDesc": "Hemos recibido su solicitud para viajar con su sillas de ruedas o dispositivo de movilidad personal a batería seca/de gel.<br>Preséntese en el aeropuerto una hora antes de la hora de facturación de su vuelo e identifíquese en el mostrador de facturación para que podamos ayudarle lo mejor posible. <br>El dispositivo se almacenará como equipaje facturado según los requisitos de seguridad y protección reglamentarios correspondientes.",
            "cancel": "cancelar",
            "request": "Solicitar servicio"
          },
          "WCBW": {
            "code": "WCBW",
            "category": "WHEELCHAIR",
            "subCategory": "PERSONAL_MOBILITY",
            "name": "Silla de ruedas o dispositivo de movilidad con batería húmeda.",
            "note": "la silla de ruedas personal solo podrá llevarse hasta el mostrador de facturación. Después de la facturación, le asistirá una silla de ruedas suministrada por la aerolínea.",
            "consentTitle": "Asistencia de almacenamiento de dispositivos personales de movilidad",
            "consentDesc": "Hemos recibido su solicitud para viajar con su sillas de ruedas o dispositivo de movilidad personal a batería húmeda.<br>Preséntese en el aeropuerto una hora antes de la hora de facturación de su vuelo e identifíquese en el mostrador de facturación para que podamos ayudarle lo mejor posible.<br> El dispositivo se almacenará como equipaje facturado según los requisitos de seguridad y protección reglamentarios correspondientes.",
            "cancel": "cancelar",
            "request": "Solicitar servicio"
          },
          "WCLB": {
            "code": "WCLB",
            "category": "WHEELCHAIR",
            "subCategory": "PERSONAL_MOBILITY",
            "name": "Silla de ruedas o dispositivo de movilidad con batería de litio",
            "note": "la silla de ruedas personal solo podrá llevarse hasta el mostrador de facturación. Después de la facturación, le asistirá una silla de ruedas suministrada por la aerolínea.",
            "consentTitle": "Asistencia de almacenamiento de dispositivos personales de movilidad",
            "consentDesc": "Hemos recibido su solicitud para viajar con su sillas de ruedas o dispositivo de movilidad personal a batería de litio.<br>Preséntese en el aeropuerto una hora antes de la hora de facturación de su vuelo e identifíquese en el mostrador de facturación para que podamos ayudarle lo mejor posible.<br> El dispositivo se almacenará como equipaje facturado según los requisitos de seguridad y protección reglamentarios correspondientes. <a href='https://www.qatarairways.com/es-es/baggage/restricted.html' target='_blank'>Haga clic aquí</a>para obtener más información.",
            "cancel": "cancelar",
            "request": "Solicitar servicio"
          }
        },
        "awc": {
          "WCHR": {
            "code": "WCHR",
            "subCategory": "AIR_PROVIDED",
            "name": "Hasta la rampa del avión",
            "category": "WHEELCHAIR",
            "request_message": "Para solicitar esta silla de ruedas, comuníquese con la oficina más cercana de Qatar Airways o el Centro de Atención al Cliente. (<a href='https://www.qatarairways.com/en/worldwide-offices.html' target='_blank'>www.qatarairways.com/en/worldwide-offices.html<a>)",
            "note": "Solicite asistencia con silla de ruedas dentro de la terminal del aeropuerto y hasta la rampa del avión. Los pasajeros que solicitan este servicio pueden subir o bajar la escalera del avión si es necesario, pero tienen dificultad para caminar largos tramos dentro de la terminal del aeropuerto."
          },
          "WCHS": {
            "code": "WCHS",
            "name": "Hasta la escalera del avión",
            "category": "WHEELCHAIR",
            "subCategory": "AIR_PROVIDED",
            "request_message": "Para solicitar esta silla de ruedas, comuníquese con la oficina más cercana de Qatar Airways o el Centro de Atención al Cliente. (<a href='https://www.qatarairways.com/en/worldwide-offices.html' target='_blank'>www.qatarairways.com/en/worldwide-offices.html<a>)",
            "note": "Solicite asistencia con silla de ruedas dentro de la terminal del aeropuerto y para subir o bajar la escalera del avión.Los pasajeros que solicitan este servicio no pueden subir ni bajar la escalera del avión por sí mismos, pero pueden desplazarse hasta y desde el asiento de la cabina."
          },
          "WCHC": {
            "code": "WCHC",
            "name": "Hasta el asiento de la cabina",
            "category": "WHEELCHAIR",
            "subCategory": "AIR_PROVIDED",
            "request_message": "Para solicitar esta silla de ruedas, comuníquese con la oficina más cercana de Qatar Airways o el Centro de Atención al Cliente. (<a href='https://www.qatarairways.com/en/worldwide-offices.html' target='_blank'>www.qatarairways.com/en/worldwide-offices.html<a>)",
            "note": "Solicite asistencia con silla de ruedas dentro de la terminal del aeropuerto y hasta el asiento de la cabina.Los pasajeros que viajen solos deben estar acompañados por un asistente sin discapacidad.<br> No obstante. es posible hacer excepciones para pasajeros cuya salud sea estable y puedan hacerse cargo de tareas como comer, beber o ir al aseo durante el viaje."
          }
        }
      },
      "ssr_details": {
        "title": "Solicitud de servicios especial",
        "description": "Si necesita asistencia en el traslado hacia o desde el avión, infórmenos con antelación para que podamos tomar las medidas necesarias. También puede solicitar asistencia especial para discapacidades visuales, auditivas o cognitivas.",
        "ctaTitle": "Seleccionar las solicitudes de servicio especial",
        "select": "Seleccionar",
        "image": "assets/images/SpecialServiceRequests.jpg",
        "ref": "Referencia de la reserva:",
        "srtitle": "Solicitudes de servicio especial",
        "multiSelection": "Se han seleccionado múltiples servicios.",
        "nextSelct": {
          "desc": "¿Desea agregar el mismo servicio para su próximo vuelo?",
          "request": "Sí, aplica lo mismo a tu próximo vuelo?",
          "cancel": "No, solicitaré los servicios manualmente"
        },
        "note": "Nota",
        "noteHtml": "<ul class='bulleted-list'><li> <span class='icon-arrow-strong icon-rotate-rtl'></span> en determinadas circunstancias, puede ser necesario que viaje con un asistente de seguridad (un pasajero acompañante). Para obtener más información,<a href='https://www.qatarairways.com/es-es/worldwide-offices.html'> haga clic aquí . </a></li><li><span class='icon-arrow-strong icon-rotate-rtl'></span>Nuestro personal le asistirá durante todo el viaje, desde su llegada hasta la terminal de salida, durante el embarque y a bordo del avión, además de durante el tránsito y hasta que llegue a su destino final.</li> <li> During your journey, our cabin crew will help guide you while you board and exit the aircraft and in moving to and from the lavatory when requested. They will also help stow and retrieve your hand baggage and any mobility aid as well as open and identify meals in preparation for dining. They will not, however, be able to assist you in the provision of any medical services, eating, or inside the lavatory. </li> </ul>",
        "back": "espalda",
        "save": "Guardar",
        "subsets": {
          "BLND": {
            "code": "BLND",
            "name": "Discapacidad visual",
            "category": "SP_SERVICE_REQUEST",
            "note": "",
            "consentDesc": "Por favor, confirme si puede comunicarse adecuadamente con el personal de la aerolínea para recibir instrucciones de seguridad en el vuelo y para la evacuación del avión en caso de una emergencia.<br> Un asistente de seguridad debe acompañar al pasajero en caso de que el pasajero no pueda establecer medios adecuados de comunicación con el personal de la línea aérea",
            "cancel": "cancelar",
            "request": "Solicitar servicio",
            "consentTitle": "",
            "request_message": "",
            "request_more_message": ""
          },
          "DEAF": {
            "code": "DEAF",
            "name": "Discapacidad auditiva",
            "note": "",
            "category": "SP_SERVICE_REQUEST",
            "consentDesc": "Por favor, confirme si puede comunicarse adecuadamente con el personal de la aerolínea para recibir instrucciones de seguridad en el vuelo y para la evacuación del avión en caso de una emergencia.<br> Un asistente de seguridad debe acompañar al pasajero en caso de que el pasajero no pueda establecer medios adecuados de comunicación con el personal de la línea aérea",
            "cancel": "cancelar",
            "request": "Solicitar servicio",
            "consentTitle": "",
            "request_message": "Para solicitar este servicio, comuníquese con la oficina más cercana de Qatar Airways o el Centro de Atención al Cliente. (<a href='https://www.qatarairways.com/en/worldwide-offices.html' target='_blank'>www.qatarairways.com/en/worldwide-offices.html<a>)",
            "request_more_message": "Para solicitar más de un servicio, comuníquese con la oficina más cercana de Qatar Airways o el Centro de Atención al Cliente. (<a href=https://www.qatarairways.com/en/worldwide-offices.html' target='_blank'>www.qatarairways.com/en/worldwide-offices.html<a>)"
          },
          "DPNA": {
            "code": "DPNA",
            "category": "SP_SERVICE_REQUEST",
            "name": "Discapacidad cognitiva",
            "note": "",
            "consentDesc": "Por favor, confirme si puede comunicarse adecuadamente con el personal de la aerolínea para recibir instrucciones de seguridad en el vuelo y para la evacuación del avión en caso de una emergencia.<br> Un asistente de seguridad debe acompañar al pasajero en caso de que el pasajero no pueda establecer medios adecuados de comunicación con el personal de la línea aérea.",
            "cancel": "cancelar",
            "request": "Solicitar servicio",
            "consentTitle": "",
            "request_message": "Para solicitar este servicio, comuníquese con la oficina más cercana de Qatar Airways o el Centro de Atención al Cliente. (<a href='https://www.qatarairways.com/en/worldwide-offices.html' target='_blank'>www.qatarairways.com/en/worldwide-offices.html<a>)",
            "request_more_message": "Para solicitar más de un servicio, comuníquese con la oficina más cercana de Qatar Airways o el Centro de Atención al Cliente. (<a href=https://www.qatarairways.com/en/worldwide-offices.html' target='_blank'>www.qatarairways.com/en/worldwide-offices.html<a>)"
          }
        }
      },
      "srdog_details": {
        "title": "Perros lazarillo",
        "description": "Qatar Airways permite a los perros lazarillo en la cabina de pasajeros, sin cargo, para acompañar al pasajero con necesidades especiales.",
        "ctaTitle": "Seleccionar",
        "select": "Seleccionar",
        "image": "assets/images/Service_Dog.jpg",
        "sdtitle": "Perros lazarillo",
        "ref": "Referencia de la reserva:",
        "nextSelct": {
          "desc": "¿Desea añadir el mismo servicio para sus siguientes vuelos?",
          "request": "Sí, añadir el mismo servicio a todos los vuelos.",
          "cancel": "No, solicitaré los servicios manualmente."
        },
        "note": "Nota",
        "back": "espalda",
        "save": "Guardar",
        "noteHtml": "<ul class='bulleted-list'><li><span class='icon-arrow-strong icon-rotate-rtl'></span>un vuelo se define como un viaje continuo en el mismo avión o con un número de vuelo que comience o finalice en un aeropuerto de Estados Unidos. </li><li><span class='icon-arrow-strong icon-rotate-rtl'></span>Asegúrese de llevar consigo y presentar toda la documentación necesaria correspondiente para exportar e importar a su perro además de los certificados de salud expedidos por un veterinario.</li></ul>",
        "subsets": {
          "ESAN": {
            "code": "ESAN",
            "category": "SERVICE_DOGS",
            "name": "Perro de apoyo emocional",
            "note": "apoyo emocional o perros de apoyo psiquiátrico se aceptan sin costo adicional en vuelos que se originan o aterrizan en los Estados Unidos.",
            "consentDesc": "Asegúrese de llevar consigo toda la documentación y certificados necesarios para el transporte del perro según las leyes locales del país extranjero, la documentación que certifique que el animal tiene menos de un año en papel con membrete de un profesional de salud mental con licencia además de una carta de un profesional de salud mental o médico con licencia que reúna los siguientes requisitos: <br><br><ul class='bulleted-list'>\n<li><span class='icon-arrow-strong icon-rotate-rtl'></span>que el pasajero padece una discapacidad relacionada con la salud mental incluida en el Manual de diagnóstico y estadística de los trastornos mentales (DSM IV); </li><li><span class='icon-arrow-strong icon-rotate-rtl'></span>que la compañía del perro es necesaria para la salud mental o el tratamiento del pasajero; </li><li><span class='icon-arrow-strong icon-rotate-rtl'></span>que la persona que brinda la evaluación del pasajero es un profesional de salud mental con licencia y que el paciente está a su cuidado;</li><li><span class='icon-arrow-strong icon-rotate-rtl'></span> que indique la fecha y el tipo de licencia del profesional de salud mental y el estado o jurisdicción que la ha emitido.</li></ul><br><br>Lleve consigo suficiente material absorbente para que el perro pueda hacer sus necesidades durante el vuelo. Esto es para prevenir cualquier riesgo a la salud o sanitario durante el vuelo debido a las deposiciones del perro.<br><br> Si necesita más información, comuníquese con la oficina más cercana de Qatar Airways.",
            "cancel": "cancelar",
            "request": "Solicitar servicio",
            "consentTitle": "Se confirmará su solicitud de servicio especial.",
            "request_message": "Para solicitar este servicio, comuníquese con la oficina más cercana de Qatar Airways o el Centro de Atención al Cliente. (<a href='https://www.qatarairways.com/en/worldwide-offices.html' target='_blank'>www.qatarairways.com/en/worldwide-offices.html<a>)"
          },
          "SVAN": {
            "code": "SVAN",
            "category": "SERVICE_DOGS",
            "name": "Perros lazarillo",
            "note": "apoyo emocional o perros de apoyo psiquiátrico se aceptan sin costo adicional en vuelos que se originan o aterrizan en los Estados Unidos.",
            "consentDesc": "Asegúrese de llevar consigo toda la documentación y los certificados necesarios para el transporte del perro según las leyes locales del país extranjero. <br><br>Se recomienda llevar también una prueba de que el perro es un perro lazarillo. Dicha prueba puede ser una tarjeta de identificación o documentación escrita, etiqueta, arnés de seguridad o equivalente. <br><br>Lleve consigo suficiente material absorbente para que el perro pueda hacer sus necesidades durante el vuelo. Esto es para prevenir cualquier riesgo a la salud o sanitario durante el vuelo debido a las deposiciones del perro.<br><br> Si necesita más información, comuníquese con la oficina más cercana de Qatar Airways.",
            "cancel": "cancelar",
            "request": "Solicitar servicio",
            "consentTitle": "Se confirmará su solicitud de servicio especial.",
            "request_message": "Para solicitar este servicio, comuníquese con la oficina más cercana de Qatar Airways o el Centro de Atención al Cliente. (<a href='https://www.qatarairways.com/en/worldwide-offices.html' target='_blank'>www.qatarairways.com/en/worldwide-offices.html<a>)"
          }
        }
      },
      "devices": {
        "title": "Dispositivos de asistencia a bordo",
        "adtitle": "Dispositivos de asistencia a bordo",
        "ref": "Referencia de la reserva:",
        "nextSelct": {
          "desc": "¿Desea añadir el mismo servicio para sus siguientes vuelos?",
          "request": "Sí, añadir el mismo servicio a todos los vuelos.",
          "cancel": "No, solicitaré los servicios manualmente."
        },
        "back": "espalda",
        "save": "Guardar",
        "description": "Qatar Airways permite el almacenamiento de dispositivos de asistencia en la cabina de pasajeros.Estos dispositivos ayudan a los pasajeros con sus problemas de visión o audición o para comunicarse, desplazarse y realizar distintas funciones de la vida diaria. Los medicamentos y los dispositivos médicos también se consideran dispositivos de asistencia.",
        "ctaTitle": "Seleccione los dispositivos de asistencia a bordo",
        "multiSelection": "Mutliple services selected",
        "select": "Seleccionar",
        "errorMessage": "Se permite hasta un máximo de 50 caracteres (A-Z).",
        "image": "assets/images/AssistiveDeviceOnBoard.jpg",
        "subsets": {
          "CANE": {
            "name": "Bastón",
            "note": "",
            "category": "ADDL_DEV_ONBOARD",
            "code": "CANE"
          },
          "CRUTCHES": {
            "name": "Muletas",
            "note": "",
            "category": "ADDL_DEV_ONBOARD",
            "code": "CRUTCHES"
          },
          "WALKER": {
            "name": "Andador",
            "note": "",
            "category": "ADDL_DEV_ONBOARD",
            "code": "WALKER"
          },
          "MED_SYRINGES_AUTO_INJECTORS": {
            "name": "Medicación como jeringas e inyectores automáticos",
            "note": "",
            "category": "ADDL_DEV_ONBOARD",
            "code": "MED_SYRINGES_AUTO_INJECTORS"
          },
          "VISION_ENHANCING_DEVICES": {
            "name": "Dispositivos para mejorar la visión",
            "note": "",
            "category": "ADDL_DEV_ONBOARD",
            "code": "VISION_ENHANCING_DEVICES"
          },
          "PORTABLE_OXYGEN_CONCENTRATORS": {
            "name": "Concentradores de oxígeno portátiles",
            "note": "",
            "category": "ADDL_DEV_ONBOARD",
            "code": "PORTABLE_OXYGEN_CONCENTRATORS"
          },
          "VENTILATORS_NON_SPILLABLE_BATTERIES": {
            "name": "Ventiladores con baterías no derramables",
            "note": "",
            "category": "ADDL_DEV_ONBOARD",
            "code": "VENTILATORS_NON_SPILLABLE_BATTERIES"
          },
          "RESPIRATORS_NON_SPILLABLE_BATTERIES": {
            "name": "Respiradores con baterías no derramables",
            "note": "",
            "category": "ADDL_DEV_ONBOARD",
            "code": "RESPIRATORS_NON_SPILLABLE_BATTERIES"
          },
          "OTHERS": {
            "name": "Otros no incluidos arriba (especificar)",
            "note": "",
            "category": "ADDL_DEV_ONBOARD",
            "code": "OTHERS",
            "cancel": "cancelar",
            "request": "enviar",
            "consentTitle": "Especifique el dispositivo"
          }
        }
      },
      "ssr_messages": {
        "WHEELCHAIR_REQUEST_ALL_ARE_CONFIRMED": {
          "description": "<span>Su solicitud de una silla de ruedas ha sido confirmada.<a class='readmore'><span>+ Más información</span> <abbr>- Esconder</abbr></a></span> <span class='readmoreContent'><a href='https://www.qatarairways.com/es-es/worldwide-offices.html'  target='_blank'>comuníquese</a> con la oficina de Qatar Airways más cercana o con el Centro de Atención al Cliente. <br> Preséntese en el aeropuerto una hora antes de la hora de facturación de su vuelo e identifíquese en el mostrador de facturación para que podamos ayudarle lo mejor posible.</span>"
        },
        "WHEELCHAIR_REQUEST_SOME_ARE_CONFIRMED": {
          "description": "<span>Su solicitud de una silla de ruedas está parcialmente confirmada.<a class='readmore'><span>+ Más información</span> <abbr>- Esconder</abbr></a></span> <span class='readmoreContent'><a href='https://www.qatarairways.com/es-es/worldwide-offices.html'  target='_blank'>comuníquese</a> con la oficina de Qatar Airways más cercana o con el Centro de Atención al Cliente. <br> Preséntese en el aeropuerto una hora antes de la hora de facturación de su vuelo e identifíquese en el mostrador de facturación para que podamos ayudarle lo mejor posible.</span>"
        },
        "WHEELCHAIR_REQUEST_ALL_ARE_ON_REQUEST": {
          "description": "<span>Hemos recibido su solicitud de una silla de ruedas.<a class='readmore'><span>+ Más información</span> <abbr>- Esconder</abbr></a></span> <span class='readmoreContent'><a href='https://www.qatarairways.com/es-es/worldwide-offices.html'  target='_blank'>comuníquese</a> con la oficina de Qatar Airways más cercana o con el Centro de Atención al Cliente. <br> Preséntese en el aeropuerto una hora antes de la hora de facturación de su vuelo e identifíquese en el mostrador de facturación para que podamos ayudarle lo mejor posible.</span>"
        },
        "WHEELCHAIR_REQUEST_ALL_ARE_UNCONFIRMED": {
          "description": "<span>Su solicitud de una silla de ruedas no se ha confirmado.<br><a class='readmore'><span>+ Más información</span> <abbr>- Esconder</abbr></a></span> <span class='readmoreContent'><a href='https://www.qatarairways.com/es-es/worldwide-offices.html'  target='_blank'>comuníquese</a> con la oficina de Qatar Airways más cercana o con el Centro de Atención al Cliente.<br> <br> Preséntese en el aeropuerto una hora antes de la hora de facturación de su vuelo e identifíquese en el mostrador de facturación para que podamos ayudarle lo mejor posible.</span>"
        },
        "WHEELCHAIR_REQUEST_WCMP_ADDED": {
          "description": "<span>Se ha actualizado su solicitud de embarque de una silla de ruedas manual personal.<a class='readmore'><span>+ Más información</span> <abbr>- Esconder</abbr></a></span><span class='readmoreContent'><br> <br>El embarque de sillas de ruedas en la cabina se ofrece en base al orden de llegada a la puerta de embarque; además, únicamente corresponde a sillas de ruedas manuales plegables con dimensiones máximas de 13 x 36 x 42 pulgadas (33 x 91 x 106 centímetros) que no deban desarmarse ni requieran la extracción de las ruedas. <br> Si no hubiera espacio de almacenamiento en la cabina, su silla de ruedas manual se guardará en la bodega de carga.</span>"
        },
        "WHEELCHAIR_REQUEST_WCBD_ADDED": {
          "description": "<span>Se ha actualizado su solicitud para viajar con su sillas de ruedas o dispositivo de movilidad personal a batería seca/de gel. <a class='readmore'><span>+ Más información</span> <abbr>- Esconder</abbr></a></span> <span class='readmoreContent'><br>El dispositivo se guardará como equipaje facturado según los requisitos de seguridad y protección reglamentarios correspondientes.  <br>Preséntese en el aeropuerto una hora antes de la hora de facturación de su vuelo e identifíquese en el mostrador de facturación para que podamos ayudarle lo mejor posible.</span>"
        },
        "WHEELCHAIR_REQUEST_WCBW_ADDED": {
          "description": "<span>Se ha actualizaco su solicitud para viajar con su sillas de ruedas o dispositivo de movilidad personal a batería húmeda/de gel. <a class='readmore'><span>+ Más información</span> <abbr>- Esconder</abbr></a></span> <span class='readmoreContent'> <br>El dispositivo se guardará como equipaje facturado según los requisitos de seguridad y protección reglamentarios correspondientes.  <br>Preséntese en el aeropuerto una hora antes de la hora de facturación de su vuelo e identifíquese en el mostrador de facturación para que podamos ayudarle lo mejor posible.</span>"
        },
        "WHEELCHAIR_REQUEST_WCLB_ADDED": {
          "description": "<span>Se ha actualizado su solicitud para viajar con su sillas de ruedas o dispositivo de movilidad personal a batería de litio. <a class='readmore'><span>+ Más información</span> <abbr>- Esconder</abbr></a></span> <span class='readmoreContent'>El dispositivo se guardará como equipaje facturado según los requisitos de seguridad y protección reglamentarios correspondientes. <br>Preséntese en el aeropuerto una hora antes de la hora de facturación de su vuelo e identifíquese en el mostrador de facturación para que podamos ayudarle lo mejor posible.</span>"
        },
        "SPECIAL_SERVICE_ADDED_CONFIRMED": {
          "description": "<span>Su solicitud de asistencia especial ha sido confirmada.<a class='readmore'><span>+ Más información</span> <abbr>- Esconder</abbr></a></span> <span class='readmoreContent'> Preséntese en el aeropuerto una hora antes de la hora de facturación de su vuelo e identifíquese en el mostrador de facturación para que podamos ayudarle lo mejor posible.<br>  Nuestro personal le asistirá en todo el viaje, desde su arribo a la terminal, durante el abordaje y a bordo del avión además de durante el tránsito y hasta que llegue a su destino final.  Durante el viaje, nuestro personal de cabina le guiará a abordar y salir del avión y cuando necesite dirigirse a los aseos.<br> También le ayudarán a almacenar y retirar su equipaje de mano y cualquier dispositivo de ayuda a la movilidad además de abrir e identificar sus comidas en la cena.  No obstante, no podrán ayudarle si debe tomar medicamentos, a comer ni dentro de los aseos.</span>"
        },
        "SPECIAL_SERVICE_ADDED_NOT_CONFIRMED": {
          "description": "<span>Su solicitud de servicio especial no se ha confirmado.<br> <a href='https://www.qatarairways.com/es-es/worldwide-offices.html'  target='_blank'>comuníquese</a> con la oficina de Qatar Airways más cercana o con el Centro de Atención al Cliente.</span>"
        },
        "SPECIAL_SERVICE_ADDED_ON_REQUEST": {
          "description": "<span>Hemos recibido su solicitud de asistencia especial.<a class='readmore'><span>+ Learn more</span> <abbr>- Hide</abbr></a></span> <span class='readmoreContent'>Preséntese en el aeropuerto una hora antes de la hora de facturación de su vuelo e identifíquese en el mostrador de facturación para que podamos ayudarle lo mejor posible.  <br>Nuestro personal le asistirá en todo el viaje, desde su llegada a la terminal, durante el embarque y a bordo del avión, también durante el tránsito y hasta que llegue a su destino final. En cualquier caso no le podrán prestar asistencia médica, ni podrán ayudarle a comer ni dentro de los aseos.  <br>Por favor,  contacte con la oficina más cercana de Qatar Airways o el Centro de atención al cliente para obtener más información. </span>"
        },
        "SPECIAL_SERVICE_ADDED_PARTIALLY_CONFIRMED": {
          "description": "<span>Su solicitud de servicio especial está parcialmente confirmada.Por favor<a href='https://www.qatarairways.com/es-es/worldwide-offices.html' target='_blank'>contacte</a>con la oficina más cercana de Qatar Airways o la oficina de atención al cliente para obtener más información. </span>"
        },
        "EMOTIONAL_SUPPORT_ADDED_CONFIRMED": {
          "description": "<span>Hemos recibido su solicitud de viajar con un animal de apoyo emocional y asistencia psiquiátrica (perro) en la cabina del avión<a class='readmore'><span>+ Más información</span> <abbr>- Esconder</abbr></a></span> <span class='readmoreContent'> <br> Preséntese en el aeropuerto una hora antes de la hora de facturación de su vuelo e identifíquese en el mostrador de facturación para que podamos ayudarle lo mejor posible. <br><br> Asegúrese de presentar la documentación de respaldo, incluida la licencia de importación o exportación del animal, la documentación que certifique que el animal tiene menos de un año y una carta de un profesional de salud mental con licencia o un médico que cumpla los siguientes requisitos:<br><br>- Proporcionado con membrete y certificando que el paciente está bajo el cuidado de un profesional de salud mental con licencia. <br>- Especificar la fecha y el tipo de licencia de profesionales de salud mental y el estado u otra jurisdicción en la que se emitió <br><br>- que indique que el pasajero tiene una discapacidad relacionada con la salud mental incluida en el Manual estadístico y diagnóstico de trastornos mentales (cuarta edición) <br><br>- que indique que es necesario que el animal acompañe al pasajero para su salud mental o emocional durante el vuelo.<br><br>por favor, <a href='www.qatarairways.com/es-es/worldwide-offices.html'  target='_blank'> contacte</a> con la oficina de Qatar Airways más cercana o con el centro de ctención al cliente para obtener más información.</span>"
        },
        "EMOTIONAL_SUPPORT_ADDED_NOT_CONFIRMED": {
          "description": "<span>Su solicitud de viajar con un animal de apoyo emocional y asistencia psiquiátrica (perro) en la cabina del avión no se ha confirmado.Por favor, <a href='https://www.qatarairways.com/es-es/worldwide-offices.html'  target='_blank'> contacte</a> con la oficina de Qatar Airways más cercana o con el centro de ctención al cliente para obtener más información.</span>"
        },
        "EMOTIONAL_SUPPORT_ADDED_ON_REQUEST": {
          "description": "<span>Hemos recibido su solicitud para viajar con un animal de apoyo emocional y asistencia psiquiátrica (perro) en la cabina del avión. <a class='readmore'><span>+ Más información</span> <abbr>- Ocultar</abbr></a></span></span> <span class='readmoreContent'>Preséntese en el aeropuerto una hora antes de la hora de facturación e identifíquese en el mostrador de facturación para que podamos asistirle de la mejor manera posible. <br>Asegúrese de llevar consigo toda la documentación y certificados necesarios para el transporte del perro según las leyes locales del país extranjero, la documentación que certifique que el animal tiene menos de un año en papel con membrete de un profesional de salud mental con licencia además de una carta del profesional de salud mental o médico con licencia que reúna los siguientes requisitos: <br><br><ul class='bulleted-list'>\n<li><span class='icon-arrow-strong icon-rotate-rtl'></span>que el pasajero padece una discapacidad relacionada con la salud mental incluida en el Manual de diagnóstico y estadística de los trastornos mentales (DSM IV); </li><li><span class='icon-arrow-strong icon-rotate-rtl'></span>que la compañía del perro es necesaria para la salud mental o el tratamiento del pasajero; </li><li><span class='icon-arrow-strong icon-rotate-rtl'></span>que la persona que brinda la evaluación del pasajero es un profesional de salud mental con licencia y que el paciente está a su cuidado;</li><li><span class='icon-arrow-strong icon-rotate-rtl'></span> que indique la fecha y el tipo de licencia del profesional de salud mental y el estado o jurisdicción que la ha emitido.</li></ul><br><br>Lleve consigo suficiente material absorbente para que el perro pueda hacer sus necesidades durante el vuelo. Esto es para prevenir cualquier riesgo a la salud o sanitario durante el vuelo debido a las deposiciones del perro.<br><br> Si necesita más información, comuníquese con la oficina más cercana de Qatar Airways."
        },
        "EMOTIONAL_SUPPORT_ADDED_PARTIALLY_CONFIRMED": {
          "description": "<span>Su solicitud de viajar con un animal de apoyo emocional y asistencia psiquiátrica (perro) en la cabina del avión está parcialmente confirmada. Por favor, <a href='https://www.qatarairways.com/es-es/worldwide-offices.html'  target='_blank'> contacte</a> con la oficina de Qatar Airways más cercana o con el centro de ctención al cliente para obtener más información.</span>"
        },
        "SERVICE_DOG_ADDED_CONFIRMED": {
          "description": "<span>Su solicitud de servicio especial ha sido confirmada. <a class='readmore'><span>+ Más información</span> <abbr>- Esconder</abbr></a></span> <span class='readmoreContent'></span> <span class='readmoreContent'>Preséntese en el aeropuerto una hora antes de la hora de facturación de su vuelo e identifíquese en el mostrador de facturación para que podamos ayudarle lo mejor posible.<br>Asegúrese de llevar consigo y presentar toda la documentación necesaria correspondiente para exportar e importar a la mascota además de los certificados de salud expedidos por un veterinario.<br>Le recomendamos que lleve consigo evidencia de que el animal es un animal de servicio, como tarjetas o documentos de identificación, etiquetas, arnés de seguridad o equivalente y/o una carta de un profesional médico u otra evidencia que certifique que necesita un perro de asistencia durante el vuelo.<br>Tenga presente que no se aceptarán animales de servicio en entrenamiento.<br><br>por favor, <a href='https://www.qatarairways.com/es-es/worldwide-offices.html'  target='_blank'> contacte</a> con la oficina de Qatar Airways más cercana o con el centro de ctención al cliente para obtener más información.</span>"
        },
        "SERVICE_DOG_ADDED_NOT_CONFIRMED": {
          "description": "<span>Su solicitud de servicio especial no se ha confirmado. Please<a href='https://www.qatarairways.com/es-es/worldwide-offices.html' target='_blank'>contact</a>your nearest Qatar Airways office or our Customer Care Centre for further details.</span>"
        },
        "SERVICE_DOG_ADDED_ON_REQUEST": {
          "description": "<span>Su solicitud de servicios especiales ha sido recibida.<a class='readmore'><span>+ Más información</span> <abbr>- Esconder</abbr></a></span> <span class='readmoreContent'></span> <span class='readmoreContent'>Preséntese en el aeropuerto una hora antes de la hora de facturación de su vuelo e identifíquese en el mostrador de facturación para que podamos ayudarle lo mejor posible.<br>Asegúrese de llevar consigo y presentar toda la documentación necesaria correspondiente para exportar e importar a la mascota además de los certificados de salud expedidos por un veterinario.<br>Le recomendamos que lleve consigo evidencia de que el animal es un animal de servicio, como tarjetas o documentos de identificación, etiquetas, arnés de seguridad o equivalente y/o una carta de un profesional médico u otra evidencia que certifique que necesita un perro de asistencia durante el vuelo.<br>Tenga presente que no se aceptarán animales de servicio en entrenamiento.<br>por favor, <a href='https://www.qatarairways.com/es-es/worldwide-offices.html'  target='_blank'> contacte</a> con la oficina de Qatar Airways más cercana o con el centro de ctención al cliente para obtener más información.</span>"
        },
        "SERVICE_DOG_ADDED_PARTIALLY_CONFIRMED": {
          "description": "<span>Su solicitud de servicio especial está parcialmente confirmada.por favor, <a href='https://www.qatarairways.com/es-es/worldwide-offices.html'  target='_blank'> contacte</a> con la oficina de Qatar Airways más cercana o con el centro de ctención al cliente para obtener más información.</span>"
        },
        "ADOB_ADDED_CONFIRMED": {
          "description": "<span>Su solicitud para el transporte del dispositivo de asistencia dentro de la cabina de pasajeros ha sido actualizada. Su petición será atendida según el orden de llegada a la puerta de embarque.</span>"
        },
        "ADOB_ADDED_ON_REQUEST": {
          "description": "<span>Su solicitud para el transporte del dispositivo de asistencia dentro de la cabina de pasajeros ha sido actualizada. Su petición será atendida según el orden de llegada a la puerta de embarque.</span>"
        },
        "ADOB_ADDED_NOT_CONFIRMED": {
          "description": "<span>Su solicitud para el transporte del dispositivo de asistencia dentro de la cabina de pasajeros ha sido actualizada. Su petición será atendida según el orden de llegada a la puerta de embarque.</span>"
        },
        "ADOB_ADDED_PARTIALLY_CONFIRMED": {
          "description": "<span>Su solicitud para el transporte del dispositivo de asistencia dentro de la cabina de pasajeros ha sido actualizada. Su petición será atendida según el orden de llegada a la puerta de embarque.</span>"
        }
      },
      "ssr_status": {
        "CONFIRMED": {
          "description": "Confirmado"
        },
        "NOT_CONFIRMED": {
          "description": "Sin confirmar"
        },
        "PARTIALLY_CONFIRMED": {
          "description": "Parcialmente confirmado"
        },
        "ON_REQUEST": {
          "description": "A pedido"
        }
      }
    }
  }