
  {
    "": "FR",
    "ssr": {
      "title": "Services spéciaux",
      "ref": "Référence de réservation :",
      "req": "Vous pouvez demander à bénéficier de plusieurs services spéciaux.",
      "select": "Sélectionner",
      "selected": "Sélectionné",
      "add": "Ajouter",
      "remove": "Supprimer",
      "edit": "Modifier",
      "back": "Arrière",
      "mback": "Retour à 'Gérer ma réservation'",
      "manageBooking": "Gérer ma réservation",
      "previousFlight": "Vol précédent",
      "nextFlight": "Vol suivant",
      "deleteMessage": "Êtes-vous sûr de vouloir supprimer ce service?",
      "no": "Non, ne supprimez pas le service",
      "yes": "Oui, supprimez ce service",
      "delete": "Supprimer le service",
      "alert": "Êtes-vous sûr(e) de vouloir quitter cette page ?",
      "Yes": "Oui, quitter cette page",
      "No": "Non, rester sur cette page",
      "in": "in",
      "wheelchair": "Veuillez sélectionner le type de service d'accompagnement en fauteuil-roulant requis auprès de la compagnie aérienne.",
      "ok": "Sélectionner le service",
      "route": "route",
      "unSaveNotification": "En quittant cette page, vous risquez de perdre vos modifications non sauvegardées. Souhaitez-vous quand même quitter cette page ?",
      "process": "Traitement en cours…...",
      "continue": "Continuer",
      "saveAndReturn": "Sauvegarder et revenir",
      "departureFlight": "Vol aller",
      "returnFlight": "Vol retour",
      "pmdDescription": "Service de fauteuils roulants sélectionné",
      "noServiceSelected": "Aucun service sélectionné",
      "passenger": "Passager",
      "wheel_details": {
        "title": "Fauteuil Roulant",
        "selectWc": "Sélectionner fauteuil roulant assistance",
        "description": "Demandez à bénéficier d'une assistance en fauteuil roulant pour vous déplacer dans le terminal de départ, jusqu'à la porte de l'appareil, ou jusqu'à votre siège en cabine. Vous pouvez également demander à emporter votre propre fauteuil roulant.",
        "ctaTitle": "Sélectionner fauteuil roulant assistance",
        "select": "Sélectionner",
        "ref": "Référence de réservation : ",
        "image": "assets/images/t63-seat.jpg",
        "awc_title": "Fauteuil roulant fourni par la compagnie aérienne",
        "pwc_title": "Appareil de mobilité personnele",
        "pwc_desc": "Veuillez sélectionner l'étape de votre voyage à partir de laquelle vous n'auriez plus besoin du fauteuil roulant fourni par Qatar Airways :",
        "select_pwc": "Veuillez sélectionner votre appareil de mobilité personnel.",
        "pwc_text": "Vous pouvez emporter votre appareil de mobilité personnel jusqu'aux points affichés ci-dessous.",
        "sel_alert": "Veuillez sélectionner le type de service d'accompagnement en fauteuil roulant offert par la compagnie aérienne pour le passager {PSGR} sur le vol entre {DEP} et {ARR}.",
        "APW": {
          "err_alert": "Veuillez sélectionner le type de service d'accompagnement en fauteuil roulant offert par la compagnie aérienne pour le passager {PSGR}."
        },
        "pwc_description": "Le rangement des appareils d'assistance en cabine passager est autorisé uniquement sur les vols au départ et à destination des États-Unis. Tous les appareils d'assistance emportés à bord doivent respecter les règlementations relatives à la sécurité, la sûreté et le transport des produits dangereux. En raison de l'espace limité disponible dans la cabine passager, les appareils d'assistance seront acceptés à la porte d'embarquement selon le principe de 'premier arrivé, premier servi'.",
        "nextSelct": {
          "desc": "Souhaitez-vous ajouter le même service à vos vols suivants?",
          "request": "Oui, ajoutez le même service à tous les vols",
          "cancel": "Non, je le ferai manuellement pour chaque vol"
        },
        "note": "Remarque",
        "qa": "Assistance Qatar Airways",
        "qa_desc": "Veuillez sélectionner l'étape de votre voyage à partir de laquelle vous n'auriez plus besoin du fauteuil roulant fourni par Qatar Airways :",
        "back": "Arrière",
        "save": "Sauvegarder",
        "pwc": {
          "WCMP": {
            "code": "WCMP",
            "name": "Fauteuil roulant manuel",
            "category": "WHEELCHAIR",
            "subCategory": "PERSONAL_MOBILITY",
            "note": "Un fauteuil roulant manuel peut être stocké dans la cabine passager. La priorité pour le stockage d'un fauteuil roulant s'appliquera à la porte d'embarquement, selon le principe de 'premier arrivé, premier servi'.",
            "consentTitle": "Assistance pour le rangement d'un appareil de mobilité personnel",
            "consentDesc": "  Votre demande à voyager avec votre fauteuil roulant manuel personnel a bien été reçue.<br><br>Veuillez noter que sur certains de nos appareils, nous ne pouvons stocker qu'un seul fauteuil roulant personnel. Ce service est proposé à la porte d'embarquement selon le principe de 'premier arrivé, premier servi', et il n'est valable que pour les fauteuils roulants pliables dont les dimensions ne dépassent pas 33x91x106 centimètres et qui ne nécessitent ni démontage ni retrait des roues.",
            "cancel": "Annuler",
            "request": "Demander ce service"
          },
          "WCBD": {
            "code": "WCBD",
            "category": "WHEELCHAIR",
            "subCategory": "PERSONAL_MOBILITY",
            "name": "Fauteuil roulant ou appareil de mobilité alimenté par des batteries sèches",
            "note": " Les fauteuils roulants personnels ne peuvent être emportés que jusqu'au comptoir d'enregistrement. Après l'enregistrement, un fauteuil roulant sera mis à votre disposition par la compagnie aérienne..",
            "consentTitle": "Assistance pour le rangement d'un appareil de mobilité personnel",
            "consentDesc": "Votre demande à voyager avec votre fauteuil roulant ou votre appareil de mobilité personnel, alimenté par batteries sèches ou liquides, a bien été reçue.<br>Veuillez arriver à l'aéroport une heure avant l'ouverture de l'enregistrement pour votre vol et vous présenter au comptoir d'enregistrement afin que nous puissions vous assister au mieux.<br>Votre appareil sera stocké comme bagage enregistré conformément aux exigences réglementaires en vigueur en matière de sécurité et de sûreté.",
            "cancel": "Annuler",
            "request": "Demander ce service"
          },
          "WCBW": {
            "code": "WCBW",
            "category": "WHEELCHAIR",
            "subCategory": "PERSONAL_MOBILITY",
            "name": "Fauteuil roulant ou appareil de mobilité alimenté par des batteries liquides",
            "note": " Les fauteuils roulants personnels ne peuvent être emportés que jusqu'au comptoir d'enregistrement. Après l'enregistrement, un fauteuil roulant sera mis à votre disposition par la compagnie aérienne..",
            "consentTitle": "Assistance pour le rangement d'un appareil de mobilité personnele",
            "consentDesc": "Votre demande à voyager avec votre fauteuil roulant ou votre appareil de mobilité personnel, alimenté par batteries liquides, a bien été reçue.<br>Veuillez arriver à l'aéroport une heure avant l'ouverture de l'enregistrement pour votre vol et vous présenter au comptoir d'enregistrement afin que nous puissions vous assister au mieux.<br>Votre appareil sera stocké comme bagage enregistré conformément aux exigences réglementaires en vigueur en matière de sécurité et de sûreté.",
            "cancel": "Annuler",
            "request": "Demander ce service"
          },
          "WCLB": {
            "code": "WCLB",
            "category": "WHEELCHAIR",
            "subCategory": "PERSONAL_MOBILITY",
            "name": "Fauteuil roulant ou appareil de mobilité alimenté par des batteries au lithium",
            "note": "Les fauteuils roulants personnels ne peuvent être emportés que jusqu'au comptoir d'enregistrement. Après l'enregistrement, un fauteuil roulant sera mis à votre disposition par la compagnie aérienne.",
            "consentTitle": "Assistance pour le rangement d'un appareil de mobilité personnele",
            "consentDesc": " Votre demande à voyager avec votre fauteuil roulant ou votre appareil de mobilité personnel, alimenté par batteries au lithium, a bien été reçue.<br>Veuillez arriver à l'aéroport une heure avant l'ouverture de l'enregistrement pour votre vol et vous présenter au comptoir d'enregistrement afin que nous puissions vous assister au mieux.<br> Votre appareil sera stocké comme bagage enregistré conformément aux exigences réglementaires en vigueur en matière de sécurité et de sûreté. <a href='https://www.qatarairways.com/fr-fr/baggage/restricted.html' target='_blank'> Cliquez ici</a> pour plus de détails.",
            "cancel": "Annuler",
            "request": "Demander ce service"
          }
        },
        "awc": {
          "WCHR": {
            "code": "WCHR",
            "subCategory": "AIR_PROVIDED",
            "name": "Jusqu'à la rampe d'accès à l'appareil",
            "category": "WHEELCHAIR",
            "request_message": "Pour demander à bénéficier de ce fauteuil roulant, veuillez contacter l'agence Qatar Airways la plus proche de chez vous ou notre centre d'assistance clientèle. (<a href='https://www.qatarairways.com/en/worldwide-offices.html' target='_blank'>www.qatarairways.com/en/worldwide-offices.html<a>)",
            "note": "Demandez à bénéficier d'une assistance en fauteuil roulant pour vous déplacer dans le terminal et jusqu'à la rampe d'accès à l'appareil. Les passagers demandant à bénéficier de ce service sont en mesure de monter ou descendre les marches d'accès à l'appareil si nécessaire, mais ont du mal à parcourir de longues distances dans le terminal de l'aéroport.."
          },
          "WCHS": {
            "code": "WCHS",
            "name": "Jusqu'à la porte de l'appareil",
            "category": "WHEELCHAIR",
            "subCategory": "AIR_PROVIDED",
            "request_message": "Pour demander à bénéficier de ce fauteuil roulant, veuillez contacter l'agence Qatar Airways la plus proche de chez vous ou notre centre d'assistance clientèle. (<a href='https://www.qatarairways.com/en/worldwide-offices.html' target='_blank'>www.qatarairways.com/en/worldwide-offices.html<a>)",
            "note": "Demandez à bénéficier d'une assistance en fauteuil roulant pour vous déplacer dans le terminal et pour monter ou descendre les marches d'accès à l'appareil. Les passagers demandant à bénéficier de ce service ne sont pas en mesure de monter ou descendre les marches d'accès à l'appareil sans assistance, mais ils sont capables de se déplacer seul en cabine."
          },
          "WCHC": {
            "code": "WCHC",
            "name": "Jusqu'au siège en cabine",
            "category": "WHEELCHAIR",
            "subCategory": "AIR_PROVIDED",
            "request_message": "Pour demander à bénéficier de ce fauteuil roulant, veuillez contacter l'agence Qatar Airways la plus proche de chez vous ou notre centre d'assistance clientèle. (<a href='https://www.qatarairways.com/en/worldwide-offices.html' target='_blank'>www.qatarairways.com/en/worldwide-offices.html<a>)",
            "note": "Demandez à bénéficier d'une assistance en fauteuil roulant pour vous déplacer dans le terminal et jusqu'à votre siège en cabine.Les passagers dans cette situation doivent voyager avec un accompagnateur en pleine possession de ses moyens. Toutefois, des exceptions sont possibles pour les passagers dont l'état de santé est stable et qui peuvent manger, boire ou se rendre aux toilettes sans assistance pendant la durée de leur voyage."
          }
        }
      },
      "ssr_details": {
        "title": "Demande de services spéciaux",
        "description": "Si vous avez besoin d'une assistance pour vous accompagner lors de l'embarquement ou du débarquement de l'appareil, veuillez nous en informer au préalable afin que nous puissions prendre les dispositions nécessaires. Vous pouvez également demander à bénéficier d'une assistance spéciale en cas de handicaps visuels, auditifs ou cognitifs.",
        "ctaTitle": "Sélectionner les demandes de services spéciaux",
        "select": "Sélectionner",
        "image": "assets/images/SpecialServiceRequests.jpg",
        "ref": "Référence de réservation :",
        "srtitle": "Demandes de services spéciaux",
        "multiSelection": "Plusieurs services sélectionnés",
        "nextSelct": {
          "desc": "Souhaitez-vous ajouter le même service à vos vols suivants?",
          "request": "Oui, ajoutez le même service à tous les vols",
          "cancel": "Non, je le ferai manuellement pour chaque vol"
        },
        "note": "Remarque",
        "noteHtml": "<ul class='bulleted-list'><li> <span class='icon-arrow-strong icon-rotate-rtl'></span>Dans certaines circonstances, vous pouvez être tenus de voyager avec un assistant de sécurité (un passager accompagnateur). Veuillez <a href='https://www.qatarairways.com/fr-fr/worldwide-offices.html' target='_blank'>contacter</a> l'agence Qatar Airways la plus proche de chez vous ou notre centre d'assistance clientèle pour plus d'informations. </a></li><li><span class='icon-arrow-strong icon-rotate-rtl'></span>Notre personnel vous assistera tout au long de votre voyage, dès votre arrivée dans le terminal de départ, pendant l'embarquement, à bord de l'appareil, ainsi que pendant vos escales, jusqu'à ce que vous atteigniez votre destination final.</li> <li> Pendant votre vol, notre équipage en cabine vous assistera au cours des procédures d'embarquement et débarquement de l'appareil, ainsi que pour vous rendre aux toilettes lorsque vous en ferez la demande. Il vous aidera également à ranger et à récupérer votre bagage à main et tout appareil d'aide à la mobilité, ainsi que pour ouvrir et identifier les repas qui vous seront servis.Toutefois, il ne sera pas en mesure de vous aider pour administrer des soins médicaux, pour manger, ou pour utiliser les toilettes. </li> </ul>",
        "back": "Arrière",
        "save": "Sauvegarder",
        "subsets": {
          "BLND": {
            "code": "BLND",
            "name": "Handicap visuel",
            "category": "SP_SERVICE_REQUEST",
            "note": "",
            "consentDesc": "Veuillez confirmer que vous êtes en mesure de communiquer de manière satisfaisante avec le personnel de notre compagnie aérienne et notamment de comprendre les consignes de sécurité en vol ainsi que les procédures d'évacuation de l'appareil en cas d'urgence. Un assistant de sécurité (un passager accompagnateur) doit voyager avec vous si vous n'êtes pas en mesure de communiquer avec le personnel de notre compagnie aérienne.",
            "cancel": "Annuler",
            "request": "Demander ce service",
            "consentTitle": "",
            "request_message": "",
            "request_more_message": ""
          },
          "DEAF": {
            "code": "DEAF",
            "name": "Handicap auditif",
            "note": "",
            "category": "SP_SERVICE_REQUEST",
            "consentDesc": "Veuillez confirmer que vous êtes en mesure de communiquer de manière satisfaisante avec le personnel de notre compagnie aérienne et notamment de comprendre les consignes de sécurité en vol ainsi que les procédures d'évacuation de l'appareil en cas d'urgence. Un assistant de sécurité (un passager accompagnateur) doit voyager avec vous si vous n'êtes pas en mesure de communiquer avec le personnel de notre compagnie aérienne.",
            "cancel": "Annuler",
            "request": "Demander ce service",
            "consentTitle": "",
            "request_message": "Pour demander à bénéficier de ce service, veuillez contacter l'agence Qatar Airways la plus proche de chez vous ou notre centre d'assistance clientèle. (<a href='https://www.qatarairways.com/en/worldwide-offices.html' target='_blank'>www.qatarairways.com/en/worldwide-offices.html<a>)",
            "request_more_message": "Pour demander à bénéficier de plusieurs services, veuillez contacter l'agence Qatar Airways la plus proche de chez vous ou notre centre d’assistance clientèle. (<a href=https://www.qatarairways.com/en/worldwide-offices.html' target='_blank'>www.qatarairways.com/en/worldwide-offices.html<a>)"
          },
          "DPNA": {
            "code": "DPNA",
            "category": "SP_SERVICE_REQUEST",
            "name": "Handicap cognitif",
            "note": "",
            "consentDesc": "Veuillez confirmer que vous êtes en mesure de communiquer de manière satisfaisante avec le personnel de notre compagnie aérienne et notamment de comprendre les consignes de sécurité en vol ainsi que les procédures d'évacuation de l'appareil en cas d'urgence. Un assistant de sécurité (un passager accompagnateur) doit voyager avec vous si vous n'êtes pas en mesure de communiquer avec le personnel de notre compagnie aérienne.",
            "cancel": "Annuler",
            "request": "Demander ce service",
            "consentTitle": "",
            "request_message": "Pour demander à bénéficier de ce service, veuillez contacter l'agence Qatar Airways la plus proche de chez vous ou notre centre d'assistance clientèle. (<a href='https://www.qatarairways.com/en/worldwide-offices.html' target='_blank'>www.qatarairways.com/en/worldwide-offices.html<a>)",
            "request_more_message": "Pour demander à bénéficier de plusieurs services, veuillez contacter l'agence Qatar Airways la plus proche de chez vous ou notre centre d’assistance clientèle. (<a href=https://www.qatarairways.com/en/worldwide-offices.html' target='_blank'>www.qatarairways.com/en/worldwide-offices.html<a>)"
          }
        }
      },
      "srdog_details": {
        "title": "Chien d'assistance",
        "description": "Qatar Airways autorise le transport de chiens-guides en cabine, à titre gracieux, pour accompagner un passager souffrant d'un handicap.",
        "ctaTitle": "Sélectionner",
        "select": "Sélectionner",
        "image": "assets/images/Service_Dog.jpg",
        "sdtitle": "Chien d'assistance",
        "ref": "Référence de réservation :",
        "nextSelct": {
          "desc": "Souhaitez-vous ajouter le même service à vos vols suivants?",
          "request": "Oui, ajoutez le même service à tous les vols",
          "cancel": "Non, je le ferai manuellement pour chaque vol"
        },
        "note": "Remarque",
        "back": "Arrière",
        "save": "Sauvegarder",
        "noteHtml": "<ul class='bulleted-list'><li><span class='icon-arrow-strong icon-rotate-rtl'></span>un vol se définit comme un voyage continu dans un même appareil ou avec un numéro de vol correspondant à une liaison au départ ou à destination d'un aéroport américain. </li><li><span class='icon-arrow-strong icon-rotate-rtl'></span>Veuillez vous assurer d'avoir avec vous et de présenter tous les documents nécessaires à l'exportation et à l'importation de votre chien, ainsi qu'un certificat de bonne santé rempli et signé par un vétérinaire.</li></ul>",
        "subsets": {
          "ESAN": {
            "code": "ESAN",
            "category": "SERVICE_DOGS",
            "name": "Chien de soutien émotionnel",
            "note": "Les chiens-guides et les chiens d'assistance pour un soutien émotionnel ou psychiatrique sont acceptés à titre gracieux sur les vols au départ ou à destination des États-Unis.",
            "consentDesc": "Veillez à emporter avec vous tous les documents et certificats nécessaires au transport de votre chien conformément à la loi locale du pays étranger, un justificatif que l'animal est âgé de moins d'un an sur une lettre portant l'entête d'un professionnel agréé de santé mentale, ainsi qu'un courrier de ce dernier ou d'un médecin attestant les éléments suivants : <br><br><ul class='bulleted-list'>\n<li><span class='icon-arrow-strong icon-rotate-rtl'></span>le passager souffre d'un trouble mental répertorié dans le manuel diagnostique et statistique des troubles mentaux (DSM IV) ; </li><li><span class='icon-arrow-strong icon-rotate-rtl'></span>l'accompagnement d'un chien est nécessaire à la santé mentale ou au traitement du passager ; </li><li><span class='icon-arrow-strong icon-rotate-rtl'></span>l'examen du passager a été effectué par un professionnel agréé de santé mentale chargé du suivi médical du passager ;</li><li><span class='icon-arrow-strong icon-rotate-rtl'></span> la date et le type de licence du professionnel de santé mentale, ainsi que l'État ou l'instance de délivrance de celle-ci.</li></ul><br><br>Veuillez emporter avec vous suffisamment de tapis absorbants au cas où le chien se soulagerait pendant le vol. Ceci permettra d'éviter tout risque sanitaire sur le vol en raison de déjections canines.<br><br> Pour de plus amples informations, veuillez contacter l'agence Qatar Airways la plus proche de chez vous.",
            "cancel": "Annuler",
            "request": "Request service",
            "consentTitle": "Votre demande à bénéficier d'un service spécial fera l'objet d'une confirmation.",
            "request_message": "Pour demander à bénéficier de ce service, veuillez contacter l'agence Qatar Airways la plus proche de chez vous ou notre centre d'assistance clientèle. (<a href='https://www.qatarairways.com/en/worldwide-offices.html' target='_blank'>www.qatarairways.com/en/worldwide-offices.html<a>)"
          },
          "SVAN": {
            "code": "SVAN",
            "category": "SERVICE_DOGS",
            "name": "Service dog",
            "note": "Les chiens-guides et les chiens d'assistance pour un soutien émotionnel ou psychiatrique sont acceptés à titre gracieux sur les vols au départ ou à destination des États-Unis.",
            "consentDesc": "Veillez à emporter avec vous tous les documents et certificats nécessaires au transport de votre chien conformément à la loi locale du pays de destination. <br><br>Il vous est également conseillé d'emporter un justificatif attestant que votre animal est bien un chien d'assistance. Ce justificatif peut se présenter sous la forme d'une carte d'identification, d'un document écrit, d'une plaque d'identité, d'un harnais de sécurité ou d'autres articles similaires. <br><br>Veuillez emporter avec vous suffisamment de tapis absorbants au cas où le chien se soulagerait pendant le vol. Ceci permettra d'éviter tout risque sanitaire sur le vol en raison de déjections canines.<br><br> Pour de plus amples informations, veuillez contacter l'agence Qatar Airways la plus proche de chez vous.",
            "cancel": "Annuler",
            "request": "Demander ce service",
            "consentTitle": "Votre demande à bénéficier d'un service spécial fera l'objet d'une confirmation.",
            "request_message": "Pour demander à bénéficier de ce service, veuillez contacter l'agence Qatar Airways la plus proche de chez vous ou notre centre d'assistance clientèle. (<a href='https://www.qatarairways.com/en/worldwide-offices.html' target='_blank'>www.qatarairways.com/en/worldwide-offices.html<a>)"
          }
        }
      },
      "devices": {
        "title": "Appareils d'assistance à bord",
        "adtitle": "Appareils d'assistance à bord",
        "ref": "Référence de réservation :",
        "nextSelct": {
          "desc": "Souhaitez-vous ajouter le même service à vos vols suivants?",
          "request": "Oui, ajoutez le même service à tous les vols",
          "cancel": "Non, je le ferai manuellement pour chaque vol"
        },
        "back": "Arrière",
        "save": "Sauvegarder",
        "description": "Qatar Airways autorise le rangement d'appareils d'assistance dans la cabine passager. Ces appareils aident les passagers à voir, à entendre, à communiquer, ou à exécuter d'autres tâches de la vie quotidienne. Les médicaments et les instruments médicaux sont également considérés comme des appareils d'assistance.",
        "ctaTitle": "Sélectionner des appareils d'assistance à bord",
        "multiSelection": "Plusieurs services sélectionnés",
        "select": "Up to 50 characters (A-Z) are allowed.",
        "errorMessage": "Jusqu’à 50 caractères autorisés (A-Z).",
        "image": "assets/images/AssistiveDeviceOnBoard.jpg",
        "subsets": {
          "CANE": {
            "name": "Canne",
            "note": "",
            "category": "ADDL_DEV_ONBOARD",
            "code": "CANE"
          },
          "CRUTCHES": {
            "name": "Béquilles",
            "note": "",
            "category": "ADDL_DEV_ONBOARD",
            "code": "CRUTCHES"
          },
          "WALKER": {
            "name": "Déambulateur",
            "note": "",
            "category": "ADDL_DEV_ONBOARD",
            "code": "WALKER"
          },
          "MED_SYRINGES_AUTO_INJECTORS": {
            "name": "Instruments médicaux tels que seringues et auto-injecteurs",
            "note": "",
            "category": "ADDL_DEV_ONBOARD",
            "code": "MED_SYRINGES_AUTO_INJECTORS"
          },
          "VISION_ENHANCING_DEVICES": {
            "name": "Appareils d'aide à la vue",
            "note": "",
            "category": "ADDL_DEV_ONBOARD",
            "code": "VISION_ENHANCING_DEVICES"
          },
          "PORTABLE_OXYGEN_CONCENTRATORS": {
            "name": "Concentrateurs d'oxygène portables",
            "note": "",
            "category": "ADDL_DEV_ONBOARD",
            "code": "PORTABLE_OXYGEN_CONCENTRATORS"
          },
          "VENTILATORS_NON_SPILLABLE_BATTERIES": {
            "name": "Ventilateurs équipés de batteries anti-fuite",
            "note": "",
            "category": "ADDL_DEV_ONBOARD",
            "code": "VENTILATORS_NON_SPILLABLE_BATTERIES"
          },
          "RESPIRATORS_NON_SPILLABLE_BATTERIES": {
            "name": "Respirateurs équipés de batteries anti-fuite",
            "note": "",
            "category": "ADDL_DEV_ONBOARD",
            "code": "RESPIRATORS_NON_SPILLABLE_BATTERIES"
          },
          "OTHERS": {
            "name": "Autres appareils non énumérés ci-dessus",
            "note": "",
            "category": "ADDL_DEV_ONBOARD",
            "code": "OTHERS",
            "cancel": "Annuler",
            "request": "Envoyer",
            "consentTitle": "Veuillez préciser votre type d'appareil"
          }
        }
      },
      "ssr_messages": {
        "WHEELCHAIR_REQUEST_ALL_ARE_CONFIRMED": {
          "description": "<span>Votre demande à bénéficier d'un fauteuil roulant a été confirmée.<a class='readmore'><span>+ En savoir plus</span> <abbr>- Cacher</abbr></a></span> <span class='readmoreContent'>Veuillez <a href='https://www.qatarairways.com/fr-fr/worldwide-offices.html' target='_blank'>contacter</a> l'agence Qatar Airways la plus proche de chez vous ou notre centre d'assistance clientèle pour plus d'informations. <br> Veuillez arriver à l'aéroport une heure avant l'ouverture de l'enregistrement pour votre vol et vous présenter au comptoir d'enregistrement afin que nous puissions vous assister au mieux.</span>"
        },
        "WHEELCHAIR_REQUEST_SOME_ARE_CONFIRMED": {
          "description": "<span>Votre demande à bénéficier d'un fauteuil roulant est confirmée en partie.Veuillez <a href='https://www.qatarairways.com/fr-fr/worldwide-offices.html' target='_blank'>contacter</a> l'agence Qatar Airways la plus proche de chez vous ou notre centre d'assistance clientèle pour plus d'informations.</span>"
        },
        "WHEELCHAIR_REQUEST_ALL_ARE_ON_REQUEST": {
          "description": "<span>Votre demande à bénéficier d'un fauteuil roulant a bien été reçue.<a class='readmore'><span>+ En savoir plus</span> <abbr>- Cacher</abbr></a></span> <span class='readmoreContent'>Veuillez <a href='https://www.qatarairways.com/fr-fr/worldwide-offices.html' target='_blank'>contacter</a> l'agence Qatar Airways la plus proche de chez vous ou notre centre d'assistance clientèle pour plus d'informations. <br> Veuillez arriver à l'aéroport une heure avant l'ouverture de l'enregistrement pour votre vol et vous présenter au comptoir d'enregistrement afin que nous puissions vous assister au mieux.</span>"
        },
        "WHEELCHAIR_REQUEST_ALL_ARE_UNCONFIRMED": {
          "description": "<span>Votre demande à bénéficier d'un fauteuil roulant n'est pas confirmée.<br>Veuillez <a href='https://www.qatarairways.com/fr-fr/worldwide-offices.html' target='_blank'>contacter</a> l'agence Qatar Airways la plus proche de chez vous ou notre centre d'assistance clientèle pour plus d'informations.Veuillez arriver à l'aéroport une heure avant l'ouverture de l'enregistrement pour votre vol et vous présenter au comptoir d'enregistrement afin que nous puissions vous assister au mieux.</span>"
        },
        "WHEELCHAIR_REQUEST_WCMP_ADDED": {
          "description": "<span>Votre demande à bénéficier d'un espace de rangement pour un fauteuil roulant manuel personnel a bien été mise à jour. <a class='readmore'><span>+ En savoir plus</span> <abbr>- Cacher</abbr></a></span><span class='readmoreContent'><br> Le rangement de fauteuil roulant en cabine est proposé à la porte d'embarquement selon le principe de 'premier arrivé, premier servi', et il n'est valable que pour les fauteuils roulants pliables dont les dimensions ne dépassent pas 33x91x106 centimètres et qui ne nécessitent ni démontage ni retrait des roues.<br> In mancanza di spazio sufficiente in cabina, la sedia a rotelle manuale sarà trasportata nella stiva.</span>"
        },
        "WHEELCHAIR_REQUEST_WCBD_ADDED": {
          "description": "<span>Votre demande à voyager avec votre fauteuil roulant ou votre appareil de mobilité personnel, alimenté par batteries sèches ou liquides, a bien été mise à jour. <a class='readmore'><span>+ En savoir plus</span> <abbr>- Cacher</abbr></a></span> <span class='readmoreContent'>Votre appareil sera stocké comme bagage enregistré conformément aux exigences réglementaires en vigueur en matière de sécurité et de sûreté.  <br>Veuillez arriver à l'aéroport une heure avant l'ouverture de l'enregistrement pour votre vol et vous présenter au comptoir d'enregistrement afin que nous puissions vous assister au mieux.</span>"
        },
        "WHEELCHAIR_REQUEST_WCBW_ADDED": {
          "description": "<span>Votre demande à voyager avec votre fauteuil roulant ou votre appareil de mobilité personnel, alimenté par batteries liquides, a bien été mise à jour.<a class='readmore'><span>+ En savoir plus</span> <abbr>- Cacher</abbr></a></span> <span class='readmoreContent'>Votre appareil sera stocké comme bagage enregistré conformément aux exigences réglementaires en vigueur en matière de sécurité et de sûreté.  <br>Veuillez arriver à l'aéroport une heure avant l'ouverture de l'enregistrement pour votre vol et vous présenter au comptoir d'enregistrement afin que nous puissions vous assister au mieux..</span>"
        },
        "WHEELCHAIR_REQUEST_WCLB_ADDED": {
          "description": "<span>Votre demande à voyager avec votre fauteuil roulant ou votre appareil de mobilité personnel, alimenté par batteries au lithium, a bien été mise à jour.<a class='readmore'><span>+ En savoir plus</span> <abbr>- Cacher</abbr></a></span> <span class='readmoreContent'> Votre appareil sera stocké comme bagage enregistré conformément aux exigences réglementaires en vigueur en matière de sécurité et de sûreté. <br>Veuillez arriver à l'aéroport une heure avant l'ouverture de l'enregistrement pour votre vol et vous présenter au comptoir d'enregistrement afin que nous puissions vous assister au mieux.</span>"
        },
        "SPECIAL_SERVICE_ADDED_CONFIRMED": {
          "description": "<span>Votre demande à bénéficier d'une assistance spéciale a été confirmée.<a class='readmore'><span>+ En savoir plus</span> <abbr>- Cacher</abbr></a></span> <span class='readmoreContent'> Veuillez arriver à l'aéroport une heure avant l'ouverture de l'enregistrement pour votre vol et vous présenter au comptoir d'enregistrement afin que nous puissions vous assister au mieux.  <br>Notre personnel vous assistera tout au long de votre voyage, dès votre arrivée dans le terminal, pendant l'embarquement, à bord de l'appareil, ainsi que pendant vos escales, jusqu'à ce que vous atteigniez votre destination finale. Toutefois, il ne sera pas en mesure de vous aider pour administrer des soins médicaux, pour manger, ou pour utiliser les toilettes.Veuillez <a href='https://www.qatarairways.com/fr-fr/worldwide-offices.html' target='_blank'>contacter</a> l'agence Qatar Airways la plus proche de chez vous ou notre centre d'assistance clientèle pour plus d'informations.</span>"
        },
        "SPECIAL_SERVICE_ADDED_NOT_CONFIRMED": {
          "description": "<span>Votre demande à bénéficier d'un service spécial n'est pas confirmée.<br>Veuillez <a href='https://www.qatarairways.com/fr-fr/worldwide-offices.html' target='_blank'>contacter</a> l'agence Qatar Airways la plus proche de chez vous ou notre centre d'assistance clientèle pour plus d'informations..</span>"
        },
        "SPECIAL_SERVICE_ADDED_ON_REQUEST": {
          "description": "<span>Votre demande à bénéficier d'une assistance spéciale a bien été reçue.<a class='readmore'><span>+ Learn more</span> <abbr>- Hide</abbr></a></span> <span class='readmoreContent'> Veuillez arriver à l'aéroport une heure avant l'ouverture de l'enregistrement pour votre vol et vous présenter au comptoir d'enregistrement afin que nous puissions vous assister au mieux.  <br>Notre personnel vous assistera tout au long de votre voyage, dès votre arrivée dans le terminal, pendant l'embarquement, à bord de l'appareil, ainsi que pendant vos escales, jusqu'à ce que vous atteigniez votre destination finale. Toutefois, il ne sera pas en mesure de vous aider pour administrer des soins médicaux, pour manger, ou pour utiliser les toilettes.  <br>Veuillez contacter l'agence Qatar Airways la plus proche de chez vous ou notre service client pour plus de détails. </span>"
        },
        "SPECIAL_SERVICE_ADDED_PARTIALLY_CONFIRMED": {
          "description": "<span>Votre demande à bénéficier d'un service spécial est confirmée en partie.Veuillez <a href='https://www.qatarairways.com/fr-fr/worldwide-offices.html' target='_blank'>contacter</a> l'agence Qatar Airways la plus proche de chez vous ou notre centre d'assistance clientèle pour plus d'informations.</span>"
        },
        "EMOTIONAL_SUPPORT_ADDED_CONFIRMED": {
          "description": "<span>Votre demande de voyager avec un service de compagnie et des services psychiatriques (chien) dans la cabine de l'avion a été reçue.<a class='readmore'><span>+ En savoir plus</span> <abbr>- Cacher</abbr></a> Veuillez arriver à l'aéroport une heure avant l'ouverture de l'enregistrement pour votre vol et vous présenter au comptoir d'enregistrement afin que nous puissions vous assister au mieux. <br>Veuillez vous assurer de présenter les justificatifs nécessaires, notamment la licence d'importation ou d'exportation de l'animal, un document certifiant que l'animal est âgé de moins d'un an, et une lettre d'un professionnel agréé en matière de santé mentale ou d'un médecin remplissant les conditions suivantes:<br><br>- Rédigée sur du papier à en-tête et certifiant que le patient est suivi par le professionnel de santé mentale à l'origine du document<br>-  Spécifiant la date, le type de licence obtenue par le professionnel de santé mentale et l'État ou l'institution où elle a été délivrée<br><br>- Attestant que le passager souffre de troubles liés à la santé mentale figurant dans l'ouvrage 'Manuel Diagnostique et Statistique des Troubles Mentaux' (quatrième édition) <br><br>-  Déclarant que l'accompagnement de l'animal est nécessaire à la santé mentale ou émotionnelle du passager au cours de son voyage<br><br>Veuillez <a href='https://www.qatarairways.com/fr-fr/worldwide-offices.html' target='_blank'>contacter</a> l'agence Qatar Airways la plus proche de chez vous ou notre centre d'assistance clientèle pour plus d'informations.</span>"
        },
        "EMOTIONAL_SUPPORT_ADDED_NOT_CONFIRMED": {
          "description": "<span>Votre demande à voyager avec un animal (chien) à titre de soutien émotionnel et psychiatrique à bord de l'appareil n'est pas confirmée. Please<a href='https://www.qatarairways.com/en/worldwide-offices.html' target='_blank'>contact</a> your nearest Qatar Airways office or our Customer Care Centre for further details.</span>"
        },
        "EMOTIONAL_SUPPORT_ADDED_ON_REQUEST": {
          "description": "<span>Votre demande à voyager avec un animal d'assistance (chien) à titre de soutien émotionnel ou psychiatrique dans la cabine de l'appareil a bien été reçue. <a class='readmore'><span>+ En savoir plus</span> <abbr>- Cacher</abbr></a></span></span> <span class='readmoreContent'>Veuillez arriver à l'aéroport une heure avant votre enregistrement et vous identifier auprès du comptoir d'enregistrement afin que nous puissions vous assister au mieux. <br>Veillez à emporter avec vous tous les documents et certificats nécessaires au transport de votre chien conformément à la loi locale du pays étranger, un justificatif que l'animal est âgé de moins d'un an sur une lettre portant l'entête d'un professionnel agréé de santé mentale, ainsi qu'un courrier de ce dernier ou d'un médecin attestant les éléments suivants : <br><br><ul class='bulleted-list'> _x000D_\n<li><span class='icon-arrow-strong icon-rotate-rtl'></span>le passager souffre d'un trouble mental répertorié dans le manuel diagnostique et statistique des troubles mentaux (DSM IV) ; </li><li><span class='icon-arrow-strong icon-rotate-rtl'></span>l'accompagnement d'un chien est nécessaire à la santé mentale ou au traitement du passager ; </li><li><span class='icon-arrow-strong icon-rotate-rtl'></span>l'examen du passager a été effectué par un professionnel agréé de santé mentale chargé du suivi médical du passager ;</li><li><span class='icon-arrow-strong icon-rotate-rtl'></span> la date et le type de licence du professionnel de santé mentale, ainsi que l'État ou l'instance de délivrance de celle-ci.</li></ul><br><br>Veuillez emporter avec vous suffisamment de tapis absorbants au cas où le chien se soulagerait pendant le vol. Ceci permettra d'éviter tout risque sanitaire sur le vol en raison de déjections canines.<br><br> Pour de plus amples informations, veuillez contacter l'agence Qatar Airways la plus proche de chez vous."
        },
        "EMOTIONAL_SUPPORT_ADDED_PARTIALLY_CONFIRMED": {
          "description": "<span>Votre demande à voyager avec un animal (chien) à titre de soutien émotionnel et psychiatrique à bord de l'appareil est confirmée en partie. Veuillez <a href='https://www.qatarairways.com/fr-fr/worldwide-offices.html' target='_blank'>contacter</a> l'agence Qatar Airways la plus proche de chez vous ou notre centre d'assistance clientèle pour plus d'informations.</span>"
        },
        "SERVICE_DOG_ADDED_CONFIRMED": {
          "description": "<span>Votre demande à bénéficier d'un service spécial a été confirmée.<a class='readmore'><span>+ En savoir plus</span> <abbr>- Cacher</abbr></a></span> <span class='readmoreContent'></span> <span class='readmoreContent'> Veuillez arriver à l'aéroport une heure avant l'ouverture de l'enregistrement pour votre vol et vous présenter au comptoir d'enregistrement afin que nous puissions vous assister au mieux.<br>Veuillez vous assurer d'avoir avec vous et de présenter tous les documents nécessaires à l'exportation et à l'importation de votre animal, ainsi qu'un certificat de bonne santé rempli et signé par un vétérinaire.<br> Nous vous recommandons d'emporter avec vous tous justificatifs attestant que l'animal est bien un animal d'assistance, tels qu'une carte ou un document d'identification, un médaillon, un harnais de sécurité ou autre équipement similaire, et/ou une lettre d'un professionnel de la santé certifiant que vous avez besoin d'un animal d'assistance pendant votre voyage.<br> Veuillez noter que les animaux d'assistance en cours de dressage ne seront pas acceptés.<br><br>Veuillez <a href='https://www.qatarairways.com/fr-fr/worldwide-offices.html' target='_blank'>contacter</a> l'agence Qatar Airways la plus proche de chez vous ou notre centre d'assistance clientèle pour plus d'informations.</span>"
        },
        "SERVICE_DOG_ADDED_NOT_CONFIRMED": {
          "description": "<span>Votre demande à bénéficier de services spéciaux n'est pas confirmée.Veuillez <a href='https://www.qatarairways.com/fr-fr/worldwide-offices.html' target='_blank'>contacter</a> l'agence Qatar Airways la plus proche de chez vous ou notre centre d'assistance clientèle pour plus d'informations.</span>"
        },
        "SERVICE_DOG_ADDED_ON_REQUEST": {
          "description": "<span>Votre demande de services spéciaux a été reçue.<a class='readmore'><span>+ En savoir plus</span> <abbr>- Cacher</abbr></a></span> <span class='readmoreContent'></span> <span class='readmoreContent'> Veuillez arriver à l'aéroport une heure avant l'ouverture de l'enregistrement pour votre vol et vous présenter au comptoir d'enregistrement afin que nous puissions vous assister au mieux.<br>Veuillez vous assurer d'avoir avec vous et de présenter tous les documents nécessaires à l'exportation et à l'importation de votre animal, ainsi qu'un certificat de bonne santé rempli et signé par un vétérinaire.<br> Nous vous recommandons d'emporter avec vous tous justificatifs attestant que l'animal est bien un animal d'assistance, tels qu'une carte ou un document d'identification, un médaillon, un harnais de sécurité ou autre équipement similaire, et/ou une lettre d'un professionnel de la santé certifiant que vous avez besoin d'un animal d'assistance pendant votre voyage.<br> Veuillez noter que les animaux d'assistance en cours de dressage ne seront pas acceptés.<br><br>Veuillez <a href='https://www.qatarairways.com/fr-fr/worldwide-offices.html' target='_blank'>contacter</a> l'agence Qatar Airways la plus proche de chez vous ou notre centre d'assistance clientèle pour plus d'informations. </span>"
        },
        "SERVICE_DOG_ADDED_PARTIALLY_CONFIRMED": {
          "description": "<span>Votre demande à bénéficier de services spéciaux est confirmée en partie.Veuillez <a href='https://www.qatarairways.com/fr-fr/worldwide-offices.html' target='_blank'>contacter</a> l'agence Qatar Airways la plus proche de chez vous ou notre centre d'assistance clientèle pour plus d'informations.</span>"
        },
        "ADOB_ADDED_CONFIRMED": {
          "description": "<span>Votre demande de conserver vos appareils d’assistance dans la cabine passagers a été mise à jour. Ce service sera basé sur la base du premier arrivé, premier servi à la porte d'embarquement.</span>"
        },
        "ADOB_ADDED_ON_REQUEST": {
          "description": "<span>Votre demande de conserver vos appareils d’assistance dans la cabine passagers a été mise à jour. Ce service sera basé sur la base du premier arrivé, premier servi à la porte d'embarquement.</span>"
        },
        "ADOB_ADDED_NOT_CONFIRMED": {
          "description": "<span>Votre demande de conserver vos appareils d’assistance dans la cabine passagers a été mise à jour. Ce service sera basé sur la base du premier arrivé, premier servi à la porte d'embarquement.</span>"
        },
        "ADOB_ADDED_PARTIALLY_CONFIRMED": {
          "description": "<span>Votre demande de conserver vos appareils d’assistance dans la cabine passagers a été mise à jour. Ce service sera basé sur la base du premier arrivé, premier servi à la porte d'embarquement.</span>"
        }
      },
      "ssr_status": {
        "CONFIRMED": {
          "description": "Confirmé"
        },
        "NOT_CONFIRMED": {
          "description": "Non confirmé"
        },
        "PARTIALLY_CONFIRMED": {
          "description": "Confirmé partiellement"
        },
        "ON_REQUEST": {
          "description": "Sur demande"
        }
      }
    }
  }