
  {
    "": "IT",
    "ssr": {
      "title": "Servizi speciali",
      "ref": "Riferimento della prenotazione:",
      "req": "Puoi richiedere più di un servizio speciale.",
      "select": "Seleziona",
      "selected": "Selezionato",
      "add": "Aggiungi",
      "remove": "Rimuovi",
      "edit": "Modifica",
      "back": "Indietro",
      "mback": "Torna a 'Gestisci la prenotazione'",
      "manageBooking": "Gestisci la prenotazione",
      "previousFlight": "Volo precedente",
      "nextFlight": "Volo successivo",
      "deleteMessage": "Sei sicuro di voler cancellare questo servizio?",
      "no": "No, non cancellare",
      "yes": "Si, cancella",
      "delete": "Rimuovi il servizio",
      "alert": "Sei sicuro di voler uscire da questa pagina?",
      "Yes": "Sì, esci da questa pagina",
      "No": "No, voglio tornare a questa pagina",
      "in": "in",
      "wheelchair": "Seleziona il tipo di servizio di assistenza con sedia a rotelle della compagnia aerea richiesto.",
      "ok": "Seleziona il servizio",
      "route": "route",
      "unSaveNotification": "Uscendo da questa pagina, i dati non salvati potrebbero andare persi. Desideri sempre uscire da questa pagina?",
      "process": "Elaborazione in corso...",
      "continue": "Continua",
      "saveAndReturn": "Salva e ritorna",
      "departureFlight": "Volo di andata",
      "returnFlight": "Volo di ritorno",
      "pmdDescription": "Servizio di sedia a rotelle selezionato",
      "noServiceSelected": "Nessun servizio selezionato",
      "passenger": "Passeggeri",
      "wheel_details": {
        "title": "Sedia a rotelle",
        "selectWc": "Seleziona assistenza per i passeggeri su sedia a rotelle",
        "description": "Richiedi assistenza con sedia a rotelle per muoverti all'interno del terminal delle partenze, per raggiungere la scaletta dell'aereo, fino a sistemarti nel tuo posto a sedere o per trasportare la tua sedia a rotelle personale.",
        "ctaTitle": "Servizio di sedia a rotelle selezionato",
        "select": "Seleziona",
        "ref": "Riferimento della prenotazione:  ",
        "image": "assets/images/t63-seat.jpg",
        "awc_title": "Sedia a rotella fornita dalla compagnia aerea",
        "pwc_title": "Ausili per la mobilità personale",
        "pwc_desc": "Si prega di selezionare una sedia a rotelle di assistenza Qatar Airways per",
        "select_pwc": "Seleziona un ausilio per la mobilità personale.",
        "pwc_text": "Si prega di selezionare il proprio dispositivo di mobilità personale.",
        "sel_alert": "Seleziona il tipo di servizio di assistenza con sedia a rotelle della compagnia aerea richiesto per il passeggero {PSGR} sul volo in partenza da {DEP} con destinazione {ARR}.",
        "APW": {
          "err_alert": "Seleziona il tipo di servizio di assistenza con sedia a rotelle della compagnia aerea richiesto per il passeggero {PSGR}."
        },
        "pwc_description": "Il trasporto di ausili di assistenza in cabina passeggeri è consentito esclusivamente su voli che hanno origine o che terminano negli Stati Uniti. Tutti gli ausili di assistenza trasportati a bordo dell'aeromobile devono rispettare e adempiere alle norme in materia di incolumità personale, sicurezza e materiali pericolosi. A causa del limitato spazio disponibile nella cabina passeggeri, gli ausili di assistenza saranno accettati all'imbarco in base all'ordine di arrivo.",
        "nextSelct": {
          "desc": "Desideri aggiungere lo stesso servizio per i tuoi prossimi voli?",
          "request": "Sì, aggiungi lo stesso servizio per tutti i voli",
          "cancel": "No, richiederò i servizi di volta in volta"
        },
        "note": "Nota",
        "qa": "Assistenza Qatar Airways",
        "qa_desc": "Puoi trasportare il tuo ausilio per la mobilità personale fino al punto indicato sotto. ",
        "back": "Indietro",
        "save": "Save",
        "pwc": {
          "WCMP": {
            "code": "WCMP",
            "name": "Sedia a rotelle manuale",
            "category": "WHEELCHAIR",
            "subCategory": "PERSONAL_MOBILITY",
            "note": " è possibile alloggiare una sedia a rotelle all'interno della cabina passeggeri. Per il trasporto delle sedie a rotelle, la disponibilità viene determinata secondo l'ordine d'arrivo.",
            "consentTitle": "Assistenza per il trasporto di un ausilio per la mobilità personale",
            "consentDesc": "  La tua richiesta di trasporto della tua sedia a rotelle manuale personale è stata ricevuta.<br><br> Ti ricordiamo che è possibile trasportare una sedia a rotelle personale solo su alcuni dei nostri aeromobili. Questo servizio viene assegnato secondo l'ordine d'arrivo all'uscita d'imbarco; sono ammesse esclusivamente sedie a rotelle manuali pieghevoli aventi dimensioni massime di 33x91x106 cm che non richiedano operazioni di smontaggio o la rimozione delle ruote.",
            "cancel": "Annulla",
            "request": "Richiedi il servizio"
          },
          "WCBD": {
            "code": "WCBD",
            "category": "WHEELCHAIR",
            "subCategory": "PERSONAL_MOBILITY",
            "name": "La tua richiesta di trasporto di una sedia a rotelle personale con batteria a secco/a celle al gel o di un ausilio per la mobilità personale è stata ricevut",
            "note": " le sedie a rotelle personali possono essere utilizzate fino al banco del check-in. L'assistenza con sedia a rotelle fornita dalla compagnia aerea verrà prestata una volta espletate le formalità di check-in.",
            "consentTitle": "Assistenza per il trasporto di un ausilio per la mobilità personale",
            "consentDesc": "Your request for travelling with  your personal dry/gel cell battery-powered wheelchair or mobility device has been received.<br>Please arrive at the airport one hour prior to your flight's check-in time and identify yourself at the check-in counter to allow us to assist you in the best possible way.<br>Your device will be stored as checked baggage in accordance with the applicable safety and security regulatory requirements.",
            "cancel": "Annulla",
            "request": "Richiedi il servizio"
          },
          "WCBW": {
            "code": "WCBW",
            "category": "WHEELCHAIR",
            "subCategory": "PERSONAL_MOBILITY",
            "name": "Sedia a rotella con batteria a celle umide o ausilio per la mobilità",
            "note": " le sedie a rotelle personali possono essere utilizzate fino al banco del check-in. L'assistenza con sedia a rotelle fornita dalla compagnia aerea verrà prestata una volta espletate le formalità di check-in.",
            "consentTitle": "Assistenza per il trasporto di un ausilio per la mobilità personale",
            "consentDesc": "La tua richiesta di trasporto di una sedia a rotelle personale con batteria a celle umide o di un ausilio per la mobilità personale è stata ricevuta.<br>Ti preghiamo di arrivare in aeroporto un'ora prima dell'orario di check-in del tuo volo e di registrarti al banco del check-in in modo da darci la possibilità di offrirti la migliore assistenza possibile.<br> Il tuo ausilio sarà trasportato come bagaglio da stiva in conformità agli obblighi previsti dalla legge per adempiere ai requisiti normativi in materia di sicurezza e incolumità personale.",
            "cancel": "Annulla",
            "request": "Richiedi il servizio"
          },
          "WCLB": {
            "code": "WCLB",
            "category": "WHEELCHAIR",
            "subCategory": "PERSONAL_MOBILITY",
            "name": "Sedia a rotella con batteria al litio o ausilio per la mobilità",
            "note": " le sedie a rotelle personali possono essere utilizzate fino al banco del check-in. L'assistenza con sedia a rotelle fornita dalla compagnia aerea verrà prestata una volta espletate le formalità di check-in.",
            "consentTitle": "Assistenza per il trasporto di un ausilio per la mobilità personale",
            "consentDesc": "La tua richiesta di trasporto di una sedia a rotelle personale con batteria al litio o di un ausilio per la mobilità personale è stata ricevuta.<br>Ti preghiamo di arrivare in aeroporto un'ora prima dell'orario di check-in del tuo volo e di registrarti al banco del check-in in modo da darci la possibilità di offrirti la migliore assistenza possibile.<br> Il tuo ausilio sarà trasportato come bagaglio da stiva in conformità agli obblighi previsti dalla legge per adempiere ai requisiti normativi in materia di sicurezza e incolumità personale. <a href='https://www.qatarairways.com/it-it/baggage/restricted.html' target='_blank'>Clicca qui</a> per maggiori dettagli.",
            "cancel": "Annulla",
            "request": "Richiedi il servizio"
          }
        },
        "awc": {
          "WCHR": {
            "code": "WCHR",
            "subCategory": "AIR_PROVIDED",
            "name": "Fino alla pista",
            "category": "WHEELCHAIR",
            "request_message": "Per richiedere questo servizio di assistenza con sedia a rotelle, rivolgiti all'ufficio Qatar Airways più vicino o al nostro Servizio clienti. (<a href='https://www.qatarairways.com/en/worldwide-offices.html' target='_blank'>www.qatarairways.com/en/worldwide-offices.html<a>)",
            "note": "Richiesta di assistenza con sedia a rotella all'interno dell'aeroporto e fino alla pista. I passeggeri che fanno richiesta di questo servizio possono salire e scendere la scaletta d'imbarco dell'aeromobile, se richiesto, ma hanno difficoltà a percorrere lunghe distanze all'interno del terminal dell'aeroporto."
          },
          "WCHS": {
            "code": "WCHS",
            "name": "Fino al portellone dell'aeromobile",
            "category": "WHEELCHAIR",
            "subCategory": "AIR_PROVIDED",
            "request_message": "Per richiedere questo servizio di assistenza con sedia a rotelle, rivolgiti all'ufficio Qatar Airways più vicino o al nostro Servizio clienti. (<a href='https://www.qatarairways.com/en/worldwide-offices.html' target='_blank'>www.qatarairways.com/en/worldwide-offices.html<a>)",
            "note": "Richiesta di assistenza con sedia a rotella all'interno dell'aeroporto e per salire e scendere dalla scaletta d'imbarco.<br>I passeggeri che fanno richiesta di questo servizio non possono salire e scendere la scaletta d'imbarco dell'aeromobile in autonomia, ma possono raggiungere da soli il proprio posto a sedere all'interno dell'aeromobile."
          },
          "WCHC": {
            "code": "WCHC",
            "name": "Fino al posto a sedere",
            "category": "WHEELCHAIR",
            "subCategory": "AIR_PROVIDED",
            "request_message": "Per richiedere questo servizio di assistenza con sedia a rotelle, rivolgiti all'ufficio Qatar Airways più vicino o al nostro Servizio clienti. (<a href='https://www.qatarairways.com/en/worldwide-offices.html' target='_blank'>www.qatarairways.com/en/worldwide-offices.html<a>)",
            "note": "Richiesta di assistenza con sedia a rotella all'interno dell'aeroporto e fino al posto a sedere all'interno dell'aeromobile.<br> I passeggeri che viaggiano da soli devono essere aiutati da un aiutante normodotato. Tuttavia, sono ammesse eccezioni per i passeggeri che presentano condizioni mediche stabili e che sono autonomi per mangiare, bere e recarsi alla toilette durante il viaggio."
          }
        }
      },
      "ssr_details": {
        "title": "Richieste di servizi speciali",
        "description": "Se hai bisogno di assistenza per raggiungere o abbandonare il velivolo, ti chiediamo di comunicarcelo per tempo in modo da poter organizzare il tuo accompagnamento da e verso l'aeromobile. Puoi inoltre richiedere assistenza speciale per passeggeri con disabilità visiva, uditiva o cognitiva.",
        "ctaTitle": "Seleziona le richieste di servizi speciali",
        "select": "Seleziona",
        "image": "assets/images/SpecialServiceRequests.jpg",
        "ref": "Riferimento della prenotazione: ",
        "srtitle": "Richieste di servizi speciali",
        "multiSelection": "È stato selezionato più di un servizio",
        "nextSelct": {
          "desc": "Desideri aggiungere lo stesso servizio per i tuoi prossimi voli?",
          "request": "Sì, aggiungi lo stesso servizio per tutti i voli",
          "cancel": "No, richiederò i servizi di volta in volta"
        },
        "note": "Nota",
        "noteHtml": "<ul class='bulleted-list'><li> <span class='icon-arrow-strong icon-rotate-rtl'></span> In presenza di alcune circostanze, ti potrebbe essere richiesto di viaggiare con un assistente alla sicurezza (passeggero accompagnatore). <a href='https://www.qatarairways.com/it-it/worldwide-offices.html' target='_blank'>Clicca qui</a> per maggiori informazioni.</a></li><li><span class='icon-arrow-strong icon-rotate-rtl'></span>Il nostro personale ti fornirà assistenza per l'intera durata del viaggio, dal tuo arrivo in aeroporto, durante le operazioni d'imbarco e a bordo dell'aeromobile, nonché durante il transito fino alla tua destinazione finale.</li> <li> Durante il volo, il nostro personale di volo ti fornirà assistenza per imbarcarti e abbandonare l'aeromobile, recarti alla toilette e tornare al posto a sedere, se necessario. Il personale di volo ti aiuterà inoltre ad alloggiare e recuperare il tuo bagaglio a mano e qualsiasi ausilio per la mobilità, nonché ad aprire e descrivere i pasti. Il personale di volo non può, invece, prestare alcun servizio medico od offrirti assistenza per mangiare o all'interno della toilette.</li> </ul>",
        "back": "Indietro",
        "save": "Save",
        "subsets": {
          "BLND": {
            "code": "BLND",
            "name": "Disabilità visiva",
            "category": "SP_SERVICE_REQUEST",
            "note": "",
            "consentDesc": "Conferma se puoi comunicare adeguatamente con il nostro personale di volo per le istruzioni di sicurezza a bordo e per abbandonare l'aeromobile in caso di emergenza. Se non sei in grado di comunicare adeguatamente con il personale di volo devi farti accompagnare da un assistente alla sicurezza (passeggero accompagnatore).",
            "cancel": "Annulla",
            "request": "Richiedi il servizio",
            "consentTitle": "",
            "request_message": "",
            "request_more_message": ""
          },
          "DEAF": {
            "code": "DEAF",
            "name": "Disabilità uditiva",
            "note": "",
            "category": "SP_SERVICE_REQUEST",
            "consentDesc": "Conferma se puoi comunicare adeguatamente con il nostro personale di volo per le istruzioni di sicurezza a bordo e per abbandonare l'aeromobile in caso di emergenza. Se non sei in grado di comunicare adeguatamente con il personale di volo devi farti accompagnare da un assistente alla sicurezza (passeggero accompagnatore).",
            "cancel": "Annulla",
            "request": "Richiedi il servizio",
            "consentTitle": "",
            "request_message": "Per richiedere questo servizio, rivolgiti all'ufficio Qatar Airways più vicino o al nostro Servizio clienti. (<a href='https://www.qatarairways.com/en/worldwide-offices.html' target='_blank'>www.qatarairways.com/en/worldwide-offices.html<a>)",
            "request_more_message": "Per richiedere più di un servizio, rivolgiti all'ufficio Qatar Airways più vicino o al nostro Servizio clienti. (<a href=https://www.qatarairways.com/en/worldwide-offices.html' target='_blank'>www.qatarairways.com/en/worldwide-offices.html<a>)"
          },
          "DPNA": {
            "code": "DPNA",
            "category": "SP_SERVICE_REQUEST",
            "name": "Disabilità cognitiva",
            "note": "",
            "consentDesc": "Conferma se puoi comunicare adeguatamente con il nostro personale di volo per le istruzioni di sicurezza a bordo e per abbandonare l'aeromobile in caso di emergenza. Se non sei in grado di comunicare adeguatamente con il personale di volo devi farti accompagnare da un assistente alla sicurezza (passeggero accompagnatore).",
            "cancel": "Annulla",
            "request": "Richiedi il servizio",
            "consentTitle": "",
            "request_message": "Per richiedere questo servizio, rivolgiti all'ufficio Qatar Airways più vicino o al nostro Servizio clienti. (<a href='https://www.qatarairways.com/en/worldwide-offices.html' target='_blank'>www.qatarairways.com/en/worldwide-offices.html<a>)",
            "request_more_message": "Per richiedere più di un servizio, rivolgiti all'ufficio Qatar Airways più vicino o al nostro Servizio clienti. (<a href=https://www.qatarairways.com/en/worldwide-offices.html' target='_blank'>www.qatarairways.com/en/worldwide-offices.html<a>)"
          }
        }
      },
      "srdog_details": {
        "title": "Cani di servizio",
        "description": "Qatar Airways consente il trasporto gratuito in cabina passeggeri di cani guida per passeggeri con disabilità.",
        "ctaTitle": "Seleziona",
        "select": "Seleziona",
        "image": "assets/images/Service_Dog.jpg",
        "sdtitle": "Cani di servizio",
        "ref": "Riferimento della prenotazione: ",
        "nextSelct": {
          "desc": "Desideri aggiungere lo stesso servizio per i tuoi prossimi voli?",
          "request": "Sì, aggiungi lo stesso servizio per tutti i voli",
          "cancel": "No, richiederò i servizi di volta in volta"
        },
        "note": "Nota",
        "back": "Indietro",
        "save": "Salva",
        "noteHtml": "<ul class='bulleted-list'><li><span class='icon-arrow-strong icon-rotate-rtl'></span>viene definito viaggio continuo un volo a bordo dello stesso aeromobile oppure avente un numero di volo che ha inizio o termina in un aeroporto degli Stati Uniti. </li><li><span class='icon-arrow-strong icon-rotate-rtl'></span>Assicurati di avere con te e di esibire la necessaria e completa documentazione relativa all'esportazione e all'importazione del tuo cane, unitamente a qualsiasi certificato sanitario rilasciato da un veterinario.</li></ul>",
        "subsets": {
          "ESAN": {
            "code": "ESAN",
            "category": "SERVICE_DOGS",
            "name": "Cane di supporto emotivo",
            "note": "I cani guida e i cani di supporto psichiatrico-emotivo sono ammessi gratuitamente su voli che hanno origine o destinazione finale negli Stati Uniti.",
            "consentDesc": "Assicurati di avere con te la documentazione necessaria completa relativa al trasporto del tuo cane prevista dalle leggi vigenti del Paese estero, i documenti che attestino che l'animale è di età inferiore a un anno su carta intestata di un professionista di salute mentale abilitato, nonché una lettera di un professionista di salute mentale abilitato o di un medico che attesti quanto segue: <br><br><ul class='bulleted-list'>\n<li><span class='icon-arrow-strong icon-rotate-rtl'></span>che il passeggero è affetto da una disabilità mentale riconosciuta nel Manuale diagnostico e statistico dei disturbi mentali (IV edizione); </li><li><span class='icon-arrow-strong icon-rotate-rtl'></span>che la presenza dell'animale è condizione necessaria per garantire il benessere mentale o l'assistenza del passeggero; </li><li><span class='icon-arrow-strong icon-rotate-rtl'></span>che la valutazione del passeggero è firmata da un professionista di salute mentale abilitato presso il quale il passeggero è in cura;</li><li><span class='icon-arrow-strong icon-rotate-rtl'></span> la data e il tipo di abilitazione di detto professionista di salute mentale e lo Stato o altra giurisdizione in cui è stata rilasciata.</li></ul><br><br>Il passeggero deve dotarsi di materiale assorbente o di qualsiasi altro materiale in quantità sufficiente per i bisogni fisiologici del cane durante il volo. Questo per evitare problemi igienico-sanitari a bordo dovuti ai bisogni fisiologici del cane.<br><br> Per maggiori dettagli, rivolgiti all'ufficio Qatar Airways più vicino.",
            "cancel": "Annulla",
            "request": "Richiedi il servizio",
            "consentTitle": "La tua richiesta di assistenza speciale sarà confermata.",
            "request_message": "Per richiedere questo servizio, rivolgiti all'ufficio Qatar Airways più vicino o al nostro Servizio clienti. (<a href='https://www.qatarairways.com/en/worldwide-offices.html' target='_blank'>www.qatarairways.com/en/worldwide-offices.html<a>)"
          },
          "SVAN": {
            "code": "SVAN",
            "category": "SERVICE_DOGS",
            "name": "Service dog",
            "note": "Service dogs are accepted at no additional charge on flights originating or landing in the United States.",
            "consentDesc": "Assicurati di avere con te la documentazione necessaria completa relativa al trasporto del tuo cane prevista dalle leggi vigenti del Paese estero. <br><br>Ti consigliamo di tenere sempre a portata di mano una prova che attesti che il cane che viaggia con te è un cane guida. Tale prova può consistere in un documento di identificazione o altra documentazione, una targhetta, un'imbracatura di sicurezza o equivalente. <br><br>Il passeggero deve dotarsi di materiale assorbente o di qualsiasi altro materiale in quantità sufficiente per i bisogni fisiologici del cane durante il volo. Questo per evitare problemi igienico-sanitari a bordo dovuti ai bisogni fisiologici del cane.<br><br> Per maggiori dettagli, rivolgiti all'ufficio Qatar Airways più vicino.",
            "cancel": "Annulla",
            "request": "Richiedi il servizio",
            "consentTitle": "La tua richiesta di assistenza speciale sarà confermata.",
            "request_message": "Per richiedere questo servizio, rivolgiti all'ufficio Qatar Airways più vicino o al nostro Servizio clienti. (<a href='https://www.qatarairways.com/en/worldwide-offices.html' target='_blank'>www.qatarairways.com/en/worldwide-offices.html<a>)"
          }
        }
      },
      "devices": {
        "title": "Ausili di assistenza a bordo",
        "adtitle": "Ausili di assistenza a bordo",
        "ref": "Riferimento della prenotazione: ",
        "nextSelct": {
          "desc": "Desideri aggiungere lo stesso servizio per i tuoi prossimi voli?",
          "request": "Sì, aggiungi lo stesso servizio per tutti i voli",
          "cancel": "No, richiederò i servizi di volta in volta"
        },
        "back": "Indietro",
        "save": "Salva",
        "description": "Qatar Airways consente il trasporto di ausili di assistenza nella cabina passeggeri. Si tratta di ausili di assistenza per passeggeri con disabilità visive e uditive, difficoltà di comunicazione, di movimento o per compiere altre funzioni della vita di tutti i giorni. I farmaci e i dispositivi medici sono considerati ausili di assistenza.",
        "ctaTitle": "Seleziona ausili di assistenza a bordo",
        "multiSelection": "È stato selezionato più di un servizio",
        "select": "Up to 50 characters (A-Z) are allowed.",
        "errorMessage": "Sono permessi fino a 50 caratteri (A-Z).",
        "image": "assets/images/AssistiveDeviceOnBoard.jpg",
        "subsets": {
          "CANE": {
            "name": "Cane",
            "note": "",
            "category": "ADDL_DEV_ONBOARD",
            "code": "CANE"
          },
          "CRUTCHES": {
            "name": "Stampelle",
            "note": "",
            "category": "ADDL_DEV_ONBOARD",
            "code": "CRUTCHES"
          },
          "WALKER": {
            "name": "Ausilio per la deambulazione",
            "note": "",
            "category": "ADDL_DEV_ONBOARD",
            "code": "WALKER"
          },
          "MED_SYRINGES_AUTO_INJECTORS": {
            "name": "Presidi come siringhe e autoiniettore",
            "note": "",
            "category": "ADDL_DEV_ONBOARD",
            "code": "MED_SYRINGES_AUTO_INJECTORS"
          },
          "VISION_ENHANCING_DEVICES": {
            "name": "Ausili per disabilità visive",
            "note": "",
            "category": "ADDL_DEV_ONBOARD",
            "code": "VISION_ENHANCING_DEVICES"
          },
          "PORTABLE_OXYGEN_CONCENTRATORS": {
            "name": "Concentratore di ossigeno portatile",
            "note": "",
            "category": "ADDL_DEV_ONBOARD",
            "code": "PORTABLE_OXYGEN_CONCENTRATORS"
          },
          "VENTILATORS_NON_SPILLABLE_BATTERIES": {
            "name": "Ventilatori con batterie a secco/celle al gel",
            "note": "",
            "category": "ADDL_DEV_ONBOARD",
            "code": "VENTILATORS_NON_SPILLABLE_BATTERIES"
          },
          "RESPIRATORS_NON_SPILLABLE_BATTERIES": {
            "name": "Respiratori con batterie a secco/celle al gel",
            "note": "",
            "category": "ADDL_DEV_ONBOARD",
            "code": "RESPIRATORS_NON_SPILLABLE_BATTERIES"
          },
          "OTHERS": {
            "name": "Altri non presenti nell'elenco sopra (specificare)",
            "note": "",
            "category": "ADDL_DEV_ONBOARD",
            "code": "OTHERS",
            "cancel": "Annulla",
            "request": "Invia",
            "consentTitle": "Specifica il tuo ausilio"
          }
        }
      },
      "ssr_messages": {
        "WHEELCHAIR_REQUEST_ALL_ARE_CONFIRMED": {
          "description": "<span>La tua richiesta di assistenza con sedia a rotelle è stata confermata.<a class='readmore'><span>+ Per saperne di più</span> <abbr>- Nascondere</abbr></a></span> <span class='readmoreContent'>Ti invitiamo a <a href='https://www.qatarairways.com/it-it/worldwide-offices.html' target='_blank'>rivolgerti</a> all'ufficio Qatar Airways o al nostro Servizio clienti per ulteriori informazioni. <br>  Ti preghiamo di arrivare in aeroporto un'ora prima dell'orario di check-in del tuo volo e di registrarti al banco del check-in in modo da darci la possibilità di offrirti la migliore assistenza possibile.</span>"
        },
        "WHEELCHAIR_REQUEST_SOME_ARE_CONFIRMED": {
          "description": "<span>La tua richiesta di assistenza con sedia a rotelle è stata ricevuta.Ti invitiamo a <a href='https://www.qatarairways.com/it-it/worldwide-offices.html' target='_blank'>rivolgerti</a> all'ufficio Qatar Airways o al nostro Servizio clienti per ulteriori informazioni.</span>"
        },
        "WHEELCHAIR_REQUEST_ALL_ARE_ON_REQUEST": {
          "description": "<span>La tua richiesta di assistenza con sedia a rotelle è stata ricevuta.<a class='readmore'><span>+ Per saperne di più</span> <abbr>- Nascondere</abbr></a></span> <span class='readmoreContent'>Ti invitiamo a <a href='https://www.qatarairways.com/it-it/worldwide-offices.html' target='_blank'>rivolgerti</a> all'ufficio Qatar Airways o al nostro Servizio clienti per ulteriori informazioni. <br>  Ti preghiamo di arrivare in aeroporto un'ora prima dell'orario di check-in del tuo volo e di registrarti al banco del check-in in modo da darci la possibilità di offrirti la migliore assistenza possibile.</span>"
        },
        "WHEELCHAIR_REQUEST_ALL_ARE_UNCONFIRMED": {
          "description": "<span>La tua richiesta di assistenza con sedia a rotelle è stata confermata.<a class='readmore'><span>+ Per saperne di più</span> <abbr>- Nascondere</abbr></a></span> <span class='readmoreContent'>Ti invitiamo a <a href='https://www.qatarairways.com/it-it/worldwide-offices.html' target='_blank'>rivolgerti</a> all'ufficio Qatar Airways o al nostro Servizio clienti per ulteriori informazioni. <br>  Ti preghiamo di arrivare in aeroporto un'ora prima dell'orario di check-in del tuo volo e di registrarti al banco del check-in in modo da darci la possibilità di offrirti la migliore assistenza possibile.</span>"
        },
        "WHEELCHAIR_REQUEST_WCMP_ADDED": {
          "description": "<span>La tua richiesta di trasporto di una sedia a rotelle manuale personale è stata aggiornata.<a class='readmore'><span>+ Per saperne di più</span> <abbr>- Nascondere</abbr></a></span> <span class='readmoreContent'><br>Lo spazio di stivaggio in cabina per sedie a rotelle viene assegnato secondo l'ordine d'arrivo all'uscita d'imbarco; sono ammesse esclusivamente sedie a rotelle manuali pieghevoli aventi dimensioni massime di 33x91x106 cm che non richiedano operazioni di smontaggio o la rimozione delle ruote. <br> In mancanza di spazio sufficiente in cabina, la sedia a rotelle manuale sarà trasportata nella stiva.</span>"
        },
        "WHEELCHAIR_REQUEST_WCBD_ADDED": {
          "description": "<span>La tua richiesta di trasporto di una sedia a rotelle personale con batteria a secco/a celle al gel o di un ausilio per la mobilità personale è stata aggiornata..<a class='readmore'><span>+ Per saperne di più</span> <abbr>- Nascondere</abbr></a></span> <span class='readmoreContent'> <br>Il tuo ausilio sarà trasportato come bagaglio da stiva in conformità agli obblighi previsti dalla legge per adempiere ai requisiti normativi in materia di sicurezza e incolumità personale.  <br>Ti preghiamo di arrivare in aeroporto un'ora prima dell'orario di check-in del tuo volo e di registrarti al banco del check-in in modo da darci la possibilità di offrirti la migliore assistenza possibile.</span>"
        },
        "WHEELCHAIR_REQUEST_WCBW_ADDED": {
          "description": "<span>La tua richiesta di trasporto di una sedia a rotelle personale con batteria a celle umide o di un ausilio per la mobilità personale è stata aggiornata. .<a class='readmore'><span>+ Per saperne di più</span> <abbr>- Nascondere</abbr></a></span> <span class='readmoreContent'><br>Il tuo ausilio sarà trasportato come bagaglio da stiva in conformità agli obblighi previsti dalla legge per adempiere ai requisiti normativi in materia di sicurezza e incolumità personale.  <br>Ti preghiamo di arrivare in aeroporto un'ora prima dell'orario di check-in del tuo volo e di registrarti al banco del check-in in modo da darci la possibilità di offrirti la migliore assistenza possibile.</span>"
        },
        "WHEELCHAIR_REQUEST_WCLB_ADDED": {
          "description": "<span>La tua richiesta di trasporto di una sedia a rotelle personale con batteria al litio o di un ausilio per la mobilità personale è stata aggiornata..<a class='readmore'><span>+ Per saperne di più</span> <abbr>- Nascondere</abbr></a></span> <span class='readmoreContent'><br>Il tuo ausilio sarà trasportato come bagaglio da stiva in conformità agli obblighi previsti dalla legge per adempiere ai requisiti normativi in materia di sicurezza e incolumità personale.  <br>Ti preghiamo di arrivare in aeroporto un'ora prima dell'orario di check-in del tuo volo e di registrarti al banco del check-in in modo da darci la possibilità di offrirti la migliore assistenza possibile.</span>"
        },
        "SPECIAL_SERVICE_ADDED_CONFIRMED": {
          "description": "<span>La tua richiesta di assistenza speciale è stata confermata.<a class='readmore'><span>+ Per saperne di più</span> <abbr>- Nascondere</abbr></a></span> <span class='readmoreContent'> Ti preghiamo di arrivare in aeroporto un'ora prima dell'orario di check-in del tuo volo e di registrarti al banco del check-in in modo da darci la possibilità di offrirti la migliore assistenza possibile. <br>Il nostro personale ti fornirà assistenza per l'intera durata del viaggio, dal tuo arrivo in aeroporto, durante le operazioni di imbarco e a bordo dell'aeromobile, durante il transito fino alla tua destinazione finale.<br> Durante il volo, il nostro personale di volo ti fornirà assistenza per imbarcarti e lasciare l'aeromobile, recarti alla toilette e tornare al posto a sedere, se necessario.<br> Il personale di volo ti aiuterà inoltre ad alloggiare e recuperare il tuo bagaglio a mano e qualsiasi ausilio per la mobilità, nonché ad aprire e descrivere i pasti.<br>Il personale di volo non può, invece, prestare alcun servizio medico od offrirti assistenza per mangiare o all'interno della toilette. Ti invitiamo a <a href='https://www.qatarairways.com/it-it/worldwide-offices.html' target='_blank'>rivolgerti</a> all'ufficio Qatar Airways o al nostro Servizio clienti per ulteriori informazioni.</span>"
        },
        "SPECIAL_SERVICE_ADDED_NOT_CONFIRMED": {
          "description": "<span>La tua richiesta di servizi speciali non è stata confermata.<br> Ti invitiamo a <a href='https://www.qatarairways.com/it-it/worldwide-offices.html' target='_blank'>rivolgerti</a> all'ufficio Qatar Airways o al nostro Servizio clienti per ulteriori informazioni.</span>"
        },
        "SPECIAL_SERVICE_ADDED_ON_REQUEST": {
          "description": "<span>La tua richiesta di assistenza speciale è stata ricevuta. <br> Ti preghiamo di arrivare in aeroporto un'ora prima dell'orario di check-in del tuo volo e di registrarti al banco del check-in in modo da darci la possibilità di offrirti la migliore assistenza possibile.  <br>Il nostro personale ti fornirà assistenza per l'intera durata del viaggio, dal tuo arrivo in aeroporto, durante le operazioni di imbarco e a bordo dell'aeromobile, durante il transito fino alla tua destinazione finale. Il personale di volo non può, invece, prestare alcun servizio medico od offrirti assistenza per mangiare o all'interno della toilette.  <br>Ti invitiamo a rivolgerti all'ufficio Qatar Airways o al Servizio Assistenza Clienti più vicino per maggiori informazioni. </span>"
        },
        "SPECIAL_SERVICE_ADDED_PARTIALLY_CONFIRMED": {
          "description": "<span>La tua richiesta di servizi speciali è stata parzialmente confermata. Ti invitiamo a <a href='https://www.qatarairways.com/it-it/worldwide-offices.html' target='_blank'>rivolgerti</a> all'ufficio Qatar Airways o al nostro Servizio clienti per ulteriori informazioni.</span>"
        },
        "EMOTIONAL_SUPPORT_ADDED_CONFIRMED": {
          "description": "<span>La tua richiesta di trasporto di un animale di supporto emotivo o psichiatrico (cane) nella cabina passeggeri è stata ricevuta. <a class='readmore'><span>+ Per saperne di più</span> <abbr>- Nascondere</abbr></a></span> <span class='readmoreContent'> Ti preghiamo di arrivare in aeroporto un'ora prima dell'orario di check-in del tuo volo e di registrarti al banco del check-in in modo da darci la possibilità di offrirti la migliore assistenza possibile.<br> Assicurati di avere con te la necessaria documentazione di accompagnamento, tra cui la licenza di importazione ed esportazione dell'animale, i documenti che attestino che l'animale è di età inferiore a un anno e una lettera rilasciata da un medico o da uno specialista accreditato in salute mentale o di un medico, che abbia le seguenti caratteristiche:<br><br>- essere redatta su carta intestata con l'indicazione che il paziente è in cura presso lo specialista accreditato in salute mentale che la sottoscrive. <br>- riportare la data e il tipo di licenza dello specialista in salute mentale, nonché il Paese o altra giurisdizione in cui è stata rilasciata.<br><br>- indicare che il passeggero è affetto da una delle disabilità mentali incluse nell'elenco del Manuale diagnostico e statistico dei disturbi mentali (IV ediz.)<br><br>- indicare che la presenza dell'animale è condizione necessaria per garantire il benessere mentale ed emotivo del passeggero durante il viaggio.<br><br> Ti invitiamo a <a href='https://www.qatarairways.com/it-it/worldwide-offices.html' target='_blank'>rivolgerti</a> all'ufficio Qatar Airways o al nostro Servizio clienti per ulteriori informazioni.</span>"
        },
        "EMOTIONAL_SUPPORT_ADDED_NOT_CONFIRMED": {
          "description": "<span>La tua richiesta di trasporto di un animale di supporto emotivo o psichiatrico (cane) nella cabina passeggeri non è stata confermata. Ti invitiamo a <a href='https://www.qatarairways.com/it-it/worldwide-offices.html' target='_blank'>rivolgerti</a> all'ufficio Qatar Airways o al nostro Servizio clienti per ulteriori informazioni.</span>"
        },
        "EMOTIONAL_SUPPORT_ADDED_ON_REQUEST": {
          "description": "<span>Abbiamo ricevuto la tua richiesta di trasporto di un animale di supporto emotivo o psichiatrico (cane) nella cabina passeggeri. <a class='readmore'><span>+ Per saperne di più</span> <abbr>- Nascondi</abbr></a></span></span> <span class='readmoreContent'>Ti preghiamo di arrivare in aeroporto un'ora prima dell'orario di check-in e di registrarti al banco del check-in in modo da darci la possibilità di offrirti la migliore assistenza possibile. <br>Assicurati di avere con te la documentazione necessaria completa relativa al trasporto del tuo cane prevista dalle leggi vigenti del Paese estero, i documenti che attestino che l'animale è di età inferiore a un anno su carta intestata di un professionista di salute mentale abilitato, nonché una lettera di un professionista di salute mentale abilitato o di un medico che attesti quanto segue: <br><br><ul class='bulleted-list'>\n<li><span class='icon-arrow-strong icon-rotate-rtl'></span>che il passeggero è affetto da una disabilità mentale riconosciuta nel Manuale diagnostico e statistico dei disturbi mentali (IV edizione); </li><li><span class='icon-arrow-strong icon-rotate-rtl'></span>che la presenza dell'animale è condizione necessaria per garantire il benessere mentale o l'assistenza del passeggero; </li><li><span class='icon-arrow-strong icon-rotate-rtl'></span>che la valutazione del passeggero è firmata da un professionista di salute mentale abilitato presso il quale il passeggero è in cura;</li><li><span class='icon-arrow-strong icon-rotate-rtl'></span> la data e il tipo di abilitazione di detto professionista di salute mentale e lo Stato o altra giurisdizione in cui è stata rilasciata.</li></ul><br><br>Il passeggero deve dotarsi di materiale assorbente o di qualsiasi altro materiale in quantità sufficiente per i bisogni fisiologici del cane durante il volo. Questo per evitare problemi igienico-sanitari a bordo dovuti ai bisogni fisiologici del cane.<br><br> Per maggiori dettagli, rivolgiti all'ufficio Qatar Airways più vicino."
        },
        "EMOTIONAL_SUPPORT_ADDED_PARTIALLY_CONFIRMED": {
          "description": "<span>La tua richiesta di servizi speciali è stata parzialmente confermata.Ti invitiamo a <a href='https://www.qatarairways.com/it-it/worldwide-offices.html' target='_blank'>rivolgerti</a> all'ufficio Qatar Airways o al nostro Servizio clienti per ulteriori informazioni.</span>"
        },
        "SERVICE_DOG_ADDED_CONFIRMED": {
          "description": "<span>La tua richiesta di servizi speciali è stata confermata.<a class='readmore'><span>+ Per saperne di più</span> <abbr>- Nascondere</abbr></a></a></span> <span class='readmoreContent'>Ti preghiamo di arrivare in aeroporto un'ora prima dell'orario di check-in del tuo volo e di registrarti al banco del check-in in modo da darci la possibilità di offrirti la migliore assistenza possibile.<br>Assicurati di avere con te e di esibire la documentazione necessaria completa relativa all'esportazione e all'importazione del tuo animale domestico, unitamente ai certificati veterinari previsti.<br> Ti consigliamo di portare con te documenti che dimostrino che l'animale è un animale di servizio, tra cui tessere o documenti di identificazione, targhette identificative, imbracature di sicurezza o equivalenti e/o una lettera redatta da un medico specialista o altro documento che certifichi la necessità del passeggero di avere accanto un cane di servizio durante il viaggio.<br>Ricorda che non saranno ammessi animali di servizio che non hanno completato il percorso di formazione.<br><br> Ti invitiamo a <a href='https://www.qatarairways.com/it-it/worldwide-offices.html' target='_blank'>rivolgerti</a> all'ufficio Qatar Airways o al nostro Servizio clienti per ulteriori informazioni."
        },
        "SERVICE_DOG_ADDED_NOT_CONFIRMED": {
          "description": "<span>La tua richiesta di servizi speciali non è stata confermata. Ti invitiamo a <a href='https://www.qatarairways.com/it-it/worldwide-offices.html' target='_blank'>rivolgerti</a> all'ufficio Qatar Airways o al nostro Servizio clienti per ulteriori informazioni.</span>"
        },
        "SERVICE_DOG_ADDED_ON_REQUEST": {
          "description": "<span>La tua richiesta di servizi speciali è stata ricevuta. <a class='readmore'><span>+ Per saperne di più</span> <abbr>- Nascondere</abbr></a></span> <span class='readmoreContent'>Ti preghiamo di arrivare in aeroporto un'ora prima dell'orario di check-in del tuo volo e di registrarti al banco del check-in in modo da darci la possibilità di offrirti la migliore assistenza possibile.<br>Assicurati di avere con te e di esibire la documentazione necessaria completa relativa all'esportazione e all'importazione del tuo animale domestico, unitamente ai certificati veterinari previsti.<br>Ti consigliamo di portare con te documenti che dimostrino che l'animale è un animale di servizio, tra cui tessere o documenti di identificazione, targhette identificative, imbracature di sicurezza o equivalenti e/o una lettera redatta da un medico specialista o altro documento che certifichi la necessità del passeggero di avere accanto un cane di servizio durante il viaggio.<br>Ricorda che non saranno ammessi animali di servizio che non hanno completato il percorso di formazione.<br><br> Ti invitiamo a <a href='https://www.qatarairways.com/it-it/worldwide-offices.html' target='_blank'>rivolgerti</a> all'ufficio Qatar Airways o al nostro Servizio clienti per ulteriori informazioni.</span>"
        },
        "SERVICE_DOG_ADDED_PARTIALLY_CONFIRMED": {
          "description": "<span>La tua richiesta di servizi speciali è stata parzialmente confermata. Ti invitiamo a <a href='https://www.qatarairways.com/it-it/worldwide-offices.html' target='_blank'>rivolgerti</a> all'ufficio Qatar Airways o al nostro Servizio clienti per ulteriori informazioni.</span>"
        },
        "ADOB_ADDED_CONFIRMED": {
          "description": "<span>La tua richiesta per il trasporto di ausili di assistenza in cabina passeggeri è stata aggiornata. Provvederemo a sistemarli in base all'ordine di arrivo al gate di imbarco.</span>"
        },
        "ADOB_ADDED_ON_REQUEST": {
          "description": "<span>La tua richiesta per il trasporto di ausili di assistenza in cabina passeggeri è stata aggiornata. Provvederemo a sistemarli in base all'ordine di arrivo al gate di imbarco.</span>"
        },
        "ADOB_ADDED_NOT_CONFIRMED": {
          "description": "<span>La tua richiesta per il trasporto di ausili di assistenza in cabina passeggeri è stata aggiornata. Provvederemo a sistemarli in base all'ordine di arrivo al gate di imbarco.</span>"
        },
        "ADOB_ADDED_PARTIALLY_CONFIRMED": {
          "description": "<span>La tua richiesta per il trasporto di ausili di assistenza in cabina passeggeri è stata aggiornata. Provvederemo a sistemarli in base all'ordine di arrivo al gate di imbarco.</span>"
        }
      },
      "ssr_status": {
        "CONFIRMED": {
          "description": "Confermata"
        },
        "NOT_CONFIRMED": {
          "description": "Non confermata"
        },
        "PARTIALLY_CONFIRMED": {
          "description": "Parzialmente confermata"
        },
        "ON_REQUEST": {
          "description": "Su richiesta"
        }
      }
    }
  },