
  {
    "": "PT",
    "ssr": {
      "title": "Serviços especiais",
      "ref": "Riferimento della prenotazione:",
      "req": "Você pode solicitar mais de um serviço especial.",
      "select": "Seleziona",
      "selected": "Selecionado",
      "add": "Adicionar",
      "remove": "Remover",
      "edit": "Editar",
      "back": "Costas",
      "mback": "Retornar para 'Gerenciar Reserva'",
      "manageBooking": "Gerenciar Reserva",
      "previousFlight": "Voo anterior",
      "nextFlight": "Próximo voo",
      "deleteMessage": "Você tem certeza que deseja remover esse serviço?",
      "no": "Não, não remova esse serviço",
      "yes": "Sim, remova esse serviço",
      "delete": "Remover serviço",
      "alert": "Tem certeza de que deseja sair desta página?",
      "Yes": "Sim, sair desta página",
      "No": "Não, voltar para esta página",
      "in": "in",
      "wheelchair": "Selecione o tipo de serviço necessário de cadeira de rodas fornecido pela companhia aérea.",
      "ok": "Selecionar o serviço",
      "route": "route",
      "unSaveNotification": "Ao sair desta página, alterações não salvas podem ser perdidas. Você ainda deseja sair desta página?",
      "process": "Processando…",
      "continue": "Continuar",
      "saveAndReturn": "Salvar e retornar",
      "departureFlight": "Voo de ida",
      "returnFlight": "Voo de volta",
      "pmdDescription": "Voos de retorno",
      "noServiceSelected": "Nenhum serviço selecionado",
      "passenger": "Passageiro",
      "wheel_details": {
        "title": "Cadeira de rodas",
        "selectWc": "Selecionar ajuda com cadeira de rodas",
        "description": "Solicite ajuda com cadeira de rodas no terminal de partida, ou até a escada da aeronave, ou até que você esteja sentado na cabine ou solicite transportar sua própria cadeira de roda",
        "ctaTitle": "Selecionar ajuda com cadeira de rodas",
        "select": "Selecionar",
        "ref": "Riferimento della prenotazione: ",
        "image": "assets/images/t63-seat.jpg",
        "awc_title": "Cadeira de rodas fornecida pela companhia aérea",
        "pwc_title": "Dispositivo para mobilidade pessoal",
        "pwc_desc": "Selecione o ponto da viagem em que você não precisará mais da cadeira de rodas fornecida pela Qatar Airways.",
        "select_pwc": "Selecione o seu dispositivo de mobilidade pessoal.",
        "pwc_text": "Por favor, selecione uma cadeira de rodas de assistência da Qatar Airways para",
        "sel_alert": "Selecione o tipo de serviço de cadeira de rodas fornecido pela companhia aérea necessário para o passageiro {PSGR} no voo de {DEP} para {ARR}.",
        "APW": {
          "err_alert": "Selecione o tipo de serviço de cadeira de rodas fornecido pela companhia aérea necessário para o passageiro {PSGR}."
        },
        "pwc_description": "O acondicionamento de dispositivos auxiliares na cabine de passageiros é permitido somente nos voos de/para os Estados Unidos da América do Norte. Todos os dispositivos auxiliares trazidos a bordo devem estar de acordo com os regulamentos aplicáveis de segurança, proteção e materiais perigosos.  Devido ao espaço limitado disponível na cabine de passageiros, dispositivos auxiliares serão aceitos por ordem de chegada ao portão de embarque.",
        "nextSelct": {
          "desc": "Você deseja adicionar o mesmo serviço para o(s) seu(s) próximo(s) voo(s)?",
          "request": "Sim, adicione o mesmo serviço para todos os voos",
          "cancel": "Não, solicitarei os serviços manualmente"
        },
        "note": "Observação",
        "qa": "Ajuda com Qatar Airways",
        "qa_desc": "Selecione o ponto da viagem em que você não precisará mais da cadeira de rodas fornecida pela Qatar Airways:",
        "back": "Costas",
        "save": "Salvar",
        "pwc": {
          "WCMP": {
            "code": "WCMP",
            "name": "Cadeira de rodas manual",
            "category": "WHEELCHAIR",
            "subCategory": "PERSONAL_MOBILITY",
            "note": "uma cadeira de rodas manual pode ser acondicionada dentro da cabine de passageiros. A prioridade para acondicionar cadeira de rodas será dada por ordem de chegada no portão de embarque.",
            "consentTitle": "Assistência para o acondicionamento de dispositivo de mobilidade pessoal",
            "consentDesc": " Sua solicitação para viajar com a sua cadeira de rodas manual foi recebida.<br><br>Observe que podemos acondicionar uma cadeira de rodas pessoal em algumas de nossas aeronaves.  Este serviço é oferecido por ordem de chegada no portão de embarque e só se aplica a cadeiras de rodas manuais e dobráveis, com dimensões máximas de 13x36x42 polegadas (33x91x106 centímetros) e que não necessitam ser desmontadas ou ter as rodas removidas.",
            "cancel": "cancelar",
            "request": "Selecione o serviço"
          },
          "WCBD": {
            "code": "WCBD",
            "category": "WHEELCHAIR",
            "subCategory": "PERSONAL_MOBILITY",
            "name": "Cadeira de rodas ou dispositivo para mobilidade com bateria seca/gel",
            "note": "uma cadeira de rodas manual pode ser acondicionada dentro da cabine de passageiros. A prioridade para acondicionar cadeira de rodas será dada por ordem de chegada no portão de embarque.",
            "consentTitle": "Assistência para o acondicionamento de dispositivo de mobilidade pessoal",
            "consentDesc": "Sua solicitação para viajar com sua cadeira de rodas ou dispositivo de mobilidade com bateria seca/gel foi recebid.<br>Favor chegar ao aeroporto uma hora antes do horário do check-in de seu voo e identificar-se no balcão do check-in para que possamos ajudá-lo da melhor forma possível. Seu dispositivo será armazenado como bagagem despachada de acordo com os requisitos e normas de segurança aplicáveis.",
            "cancel": "cancelar",
            "request": "Selecione o serviço"
          },
          "WCBW": {
            "code": "WCBW",
            "category": "WHEELCHAIR",
            "subCategory": "PERSONAL_MOBILITY",
            "name": "Cadeira de rodas ou dispositivo para mobilidade com bateria úmida",
            "note": " uma cadeira de rodas manual pode ser acondicionada dentro da cabine de passageiros. A prioridade para acondicionar cadeira de rodas será dada por ordem de chegada no portão de embarque.",
            "consentTitle": "Assistência para o acondicionamento de dispositivo de mobilidade pessoal",
            "consentDesc": "Sua solicitação para viajar com sua cadeira de rodas ou dispositivo de mobilidade com bateria úmida foi recebida.<br>Favor chegar ao aeroporto uma hora antes do horário do check-in de seu voo e identificar-se no balcão do check-in para que possamos ajudá-lo da melhor forma possível. Seu dispositivo será armazenado como bagagem despachada de acordo com os requisitos e normas de segurança aplicáveis.",
            "cancel": "cancelar",
            "request": "Selecione o serviço"
          },
          "WCLB": {
            "code": "WCLB",
            "category": "WHEELCHAIR",
            "subCategory": "PERSONAL_MOBILITY",
            "name": "Cadeira de rodas ou dispositivo para mobilidade com bateria de lítio",
            "note": "uma cadeira de rodas manual pode ser acondicionada dentro da cabine de passageiros. A prioridade para acondicionar cadeira de rodas será dada por ordem de chegada no portão de embarque.",
            "consentTitle": "Assistência para o acondicionamento de dispositivo de mobilidade pessoal",
            "consentDesc": "Sua solicitação para viajar com sua cadeira de rodas ou dispositivo de mobilidade com bateria de lítio foi recebida.<br>Favor chegar ao aeroporto uma hora antes do horário do check-in de seu voo e identificar-se no balcão do check-in para que possamos ajudá-lo da melhor forma possível. Seu dispositivo será armazenado como bagagem despachada de acordo com os requisitos e normas de segurança aplicáveis. <a href='https://www.qatarairways.com/pt-br/baggage/restricted.html' target='_blank'>Clique aqui</a>para obter mais detalhes.",
            "cancel": "cancelar",
            "request": "Selecione o serviço"
          }
        },
        "awc": {
          "WCHR": {
            "code": "WCHR",
            "subCategory": "AIR_PROVIDED",
            "name": "Até a plataforma da aeronave",
            "category": "WHEELCHAIR",
            "request_message": "Para solicitar essa cadeira de rodas, entre em contato com a loja mais próxima da Qatar Airways ou com a Central de Atendimento ao Cliente. (<a href='https://www.qatarairways.com/en/worldwide-offices.html' target='_blank'>www.qatarairways.com/en/worldwide-offices.html<a>)",
            "note": "Solicite auxílio de cadeira de rodas dentro do terminal do aeroporto e até a plataforma da aeronave.Os passageiros que solicitam este serviço podem subir ou descer os degraus da aeronave, se necessário, mas têm dificuldade em caminhar por longas distâncias dentro do terminal do aeroporto."
          },
          "WCHS": {
            "code": "WCHS",
            "name": "Até os degraus da aeronave",
            "category": "WHEELCHAIR",
            "subCategory": "AIR_PROVIDED",
            "request_message": "Para solicitar essa cadeira de rodas, entre em contato com a loja mais próxima da Qatar Airways ou com a Central de Atendimento ao Cliente. (<a href='https://www.qatarairways.com/en/worldwide-offices.html' target='_blank'>www.qatarairways.com/en/worldwide-offices.html<a>)",
            "note": "Solicitar auxílio de cadeira de rodas dentro do terminal do aeroporto e para subir ou descer os degraus da aeronave.Os passageiros solicitando este serviço não conseguem subir ou descer sozinhos os degraus da aeronave, mas podem chegar ou sair do assento na cabine."
          },
          "WCHC": {
            "code": "WCHC",
            "name": "Até o assento na cabine",
            "category": "WHEELCHAIR",
            "subCategory": "AIR_PROVIDED",
            "request_message": "Para solicitar essa cadeira de rodas, entre em contato com a loja mais próxima da Qatar Airways ou com a Central de Atendimento ao Cliente. (<a href='https://www.qatarairways.com/en/worldwide-offices.html' target='_blank'>www.qatarairways.com/en/worldwide-offices.html<a>)",
            "note": "Solicitar auxílio de cadeira de rodas dentro do terminal do aeroporto e até o assento na cabine.Os passageiros viajando individualmente devem ser acompanhados por um auxiliar fisicamente apto. Contudo, exceções podem ser feitas para passageiros que se encontram em condição médica estável e que podem cuidar de si próprios com relação a se alimentar, beber ou ir ao banheiro durante a viagem."
          }
        }
      },
      "ssr_details": {
        "title": "Solicitação de serviço especial",
        "description": "Se você precisa de qualquer ajuda para acompanhá-lo de/para a aeronave, avise-nos com antecedência para tomarmos as providências necessárias. Você pode também solicitar assistência especial para deficiência visual, auditiva ou cognitiva.",
        "ctaTitle": "Selecionar solicitações de serviço especial",
        "select": "Selecionar",
        "image": "assets/images/SpecialServiceRequests.jpg",
        "ref": "Referência da reserva:",
        "srtitle": "Solicitações de serviço especial",
        "multiSelection": "Serviços múltiplos selecionados",
        "nextSelct": {
          "desc": "Você deseja adicionar o mesmo serviço para o(s) seu(s) próximo(s) voo(s)?",
          "request": "Sim, adicione o mesmo serviço para todos os voos",
          "cancel": "Não, solicitarei os serviços manualmente"
        },
        "note": "Observação",
        "noteHtml": "<ul class='bulleted-list'><li> <span class='icon-arrow-strong icon-rotate-rtl'></span> em determinadas circunstâncias, você pode ser solicitado a viajar com um assistente de segurança (um passageiro acompanhante). por favor <a href='https://www.qatarairways.com/en/worldwide-offices.html' target='_blank'> Clique aqui </a> para mais informações. </a></li><li><span class='icon-arrow-strong icon-rotate-rtl'></span>Nossos funcionários o ajudarão durante a sua viagem desde o momento em que você chegar ao seu terminal de partida, durante o embarque e a bordo da aeronave, bem como durante o trânsito até a chegada ao seu destino final.</li> <li>  Durante a sua viagem, nosso pessoal de cabine o ajudará enquanto você embarca e sai da aeronave e ao ir e voltar do banheiro quando solicitado. Eles também ajudarão a acomodar e retirar sua bagagem de mão e qualquer auxílio de mobilidade, bem como abrir e identificar as refeições na preparação para a alimentação.  Contudo, eles não poderão ajudá-lo no fornecimento de quaisquer serviços médicos, a se alimentar ou dentro do banheiro. </li> </ul>",
        "back": "Costas",
        "save": "Salvar",
        "subsets": {
          "BLND": {
            "code": "BLND",
            "name": "Deficiência visual",
            "category": "SP_SERVICE_REQUEST",
            "note": "",
            "consentDesc": "Favor confirmar se você pode se comunicar adequadamente com o pessoal de nossa companhia aérea para comunicados de segurança durante o voo e para evacuação da aeronave no caso de uma emergência.  Um assistente de segurança (um passageiro acompanhante) deve acompanhá-lo caso você não consiga estabelecer comunicação adequada com o pessoal da companhia aérea.",
            "cancel": "cancelar",
            "request": "Selecione o serviço",
            "consentTitle": "",
            "request_message": "",
            "request_more_message": ""
          },
          "DEAF": {
            "code": "DEAF",
            "name": "Hearing impairment",
            "note": "",
            "category": "SP_SERVICE_REQUEST",
            "consentDesc": "Favor confirmar se você pode se comunicar adequadamente com o pessoal de nossa companhia aérea para comunicados de segurança durante o voo e para evacuação da aeronave no caso de uma emergência.  Um assistente de segurança (um passageiro acompanhante) deve acompanhá-lo caso você não consiga estabelecer comunicação adequada com o pessoal da companhia aérea.",
            "cancel": "cancelar",
            "request": "Selecione o serviço",
            "consentTitle": "",
            "request_message": "Para solicitar esse serviço, entre em contato com a loja mais próxima da Qatar Airways ou com a Central de Atendimento ao Cliente. (<a href='https://www.qatarairways.com/en/worldwide-offices.html' target='_blank'>www.qatarairways.com/en/worldwide-offices.html<a>)",
            "request_more_message": "Para solicitar mais de um serviço, entre em contato com a loja mais próxima da Qatar Airways ou com a Central de Atendimento ao Cliente. (<a href=https://www.qatarairways.com/en/worldwide-offices.html' target='_blank'>www.qatarairways.com/en/worldwide-offices.html<a>)"
          },
          "DPNA": {
            "code": "DPNA",
            "category": "SP_SERVICE_REQUEST",
            "name": "Cognitive impairment",
            "note": "",
            "consentDesc": "Favor confirmar se você pode se comunicar adequadamente com o pessoal de nossa companhia aérea para comunicados de segurança durante o voo e para evacuação da aeronave no caso de uma emergência.  Um assistente de segurança (um passageiro acompanhante) deve acompanhá-lo caso você não consiga estabelecer comunicação adequada com o pessoal da companhia aérea.",
            "cancel": "cancelar",
            "request": "Selecione o serviço",
            "consentTitle": "",
            "request_message": "Para solicitar esse serviço, entre em contato com a loja mais próxima da Qatar Airways ou com a Central de Atendimento ao Cliente. (<a href='https://www.qatarairways.com/en/worldwide-offices.html' target='_blank'>www.qatarairways.com/en/worldwide-offices.html<a>)",
            "request_more_message": "Para solicitar mais de um serviço, entre em contato com a loja mais próxima da Qatar Airways ou com a Central de Atendimento ao Cliente. (<a href=https://www.qatarairways.com/en/worldwide-offices.html' target='_blank'>www.qatarairways.com/en/worldwide-offices.html<a>)"
          }
        }
      },
      "srdog_details": {
        "title": "Cão-guia",
        "description": "A Qatar Airways permite cães-guias na cabine de passageiros, gratuitamente, para acompanhar um passageiro com alguma deficiência.",
        "ctaTitle": "Seleziona",
        "select": "Selecione",
        "image": "assets/images/Service_Dog.jpg",
        "sdtitle": "Cão-guia",
        "ref": "Referência da reserva:",
        "nextSelct": {
          "desc": "Você deseja adicionar o mesmo serviço para o(s) seu(s) próximo(s) voo(s)?",
          "request": "Sim, adicione o mesmo serviço para todos os voos",
          "cancel": "Não, solicitarei os serviços manualmente"
        },
        "note": "Observação",
        "back": "Costas",
        "save": "Salvar",
        "noteHtml": "<ul class='bulleted-list'><li><span class='icon-arrow-strong icon-rotate-rtl'></span>um voo é definido como uma viagem contínua na mesma aeronave ou com um número de voo que começa ou termina em um aeroporto dos Estados Unidos da América do Norte. </li><li><span class='icon-arrow-strong icon-rotate-rtl'></span>Favor confirmar se você tem e apresenta toda a documentação relevante para a exportação e importação de seu cão, bem como quaisquer certificados de saúde expedidos por veterinário.</li></ul>",
        "subsets": {
          "ESAN": {
            "code": "ESAN",
            "category": "SERVICE_DOGS",
            "name": "Cão para suporte emocional",
            "note": "Cães-guias ou cães para suporte emocional ou psiquiátrico são aceitos sem custo adicional em voos originados ou pousando nos Estados Unidos da América do.",
            "consentDesc": "Certifique-se de levar todos os documentos e certificados necessários para transportar seu cachorro de acordo com a legislação local do país estrangeiro, documentação atestando que o animal tem menos de um ano de idade em papel timbrado de um profissional de saúde mental qualificado, bem como uma carta de um profissional de saúde mental qualificado ou de um médico de acordo com os seguintes requisitos: <br><br><ul class='bulleted-list'>\n<li><span class='icon-arrow-strong icon-rotate-rtl'></span>que o passageiro tem uma deficiência relacionada à saúde mental listada no Diagnostic and Statistical Manual of Mental Disorders (Guia de diagnóstico e estatística de distúrbios mentais - DSM IV); </li><li><span class='icon-arrow-strong icon-rotate-rtl'></span>Que é necessário para a saúde mental ou tratamento do passageiro que o cão o acompanhe; </li><li><span class='icon-arrow-strong icon-rotate-rtl'></span>Que a pessoa que fornece a avaliação do passageiro é um profissional qualificado de saúde mental e que o passageiro está sob seu cuidado profissional;</li><li><span class='icon-arrow-strong icon-rotate-rtl'></span> Constar a data e o tipo de licença do profissional de saúde mental e o estado ou outra jurisdição em que foi emitida.</li></ul><br><br>Tenha com você material absorvente ou outros materiais para o cão poder fazer suas necessidades no voo. Isso é para evitar qualquer risco sanitário ou à saúde no voo em função dos dejetos do cão.<br><br> Se forem necessárias mais informações, entre em contato com a loja mais próxima da Qatar Airways.",
            "cancel": "cancelar",
            "request": "Selecione o serviço",
            "consentTitle": "Sua solicitação para assistência especial será confirmada.",
            "request_message": "Para solicitar esse serviço, entre em contato com a loja mais próxima da Qatar Airways ou com a Central de Atendimento ao Cliente. (<a href='https://www.qatarairways.com/en/worldwide-offices.html' target='_blank'>www.qatarairways.com/en/worldwide-offices.html<a>)"
          },
          "SVAN": {
            "code": "SVAN",
            "category": "SERVICE_DOGS",
            "name": "Cão-guia",
            "note": "Cães-guias ou cães para suporte emocional ou psiquiátrico são aceitos sem custo adicional em voos originados ou pousando nos Estados Unidos da América do.",
            "consentDesc": "Certifique-se de levar todos os documentos e certificados necessários para transportar o seu cachorro de acordo com a legislação local do país estrangeiro.  <br><br>Recomenda-se que você tenha em seu poder a prova de que o cão é um cão de serviço. A prova pode ser na forma de um cartão de identificação ou outro documento escrito, etiquetas, coleira ou o equivalente. <br><br>Tenha com você material absorvente ou outros materiais para o cachorro poder fazer suas necessidades no voo. Isso é para evitar qualquer risco sanitário ou à saúde no voo em função dos dejetos do cachorro.<br><br> Se forem necessárias mais informações, entre em contato com a loja mais próxima da Qatar Airways.",
            "cancel": "cancelar",
            "request": "Selecione o serviço",
            "consentTitle": "Sua solicitação para assistência especial será confirmada.",
            "request_message": "Para solicitar esse serviço, entre em contato com a loja mais próxima da Qatar Airways ou com a Central de Atendimento ao Cliente. (<a href='https://www.qatarairways.com/en/worldwide-offices.html' target='_blank'>www.qatarairways.com/en/worldwide-offices.html<a>)"
          }
        }
      },
      "devices": {
        "title": "Dispositivos auxiliares a bordo",
        "adtitle": "Dispositivos auxiliares a bordo",
        "ref": "Referência da reserva:",
        "nextSelct": {
          "desc": "Você deseja adicionar o mesmo serviço para o(s) seu(s) próximo(s) voo(s)?",
          "request": "Sim, adicione o mesmo serviço para todos os voos",
          "cancel": "Não, solicitarei os serviços manualmente"
        },
        "back": "Costas",
        "save": "Salvar",
        "description": "A Qatar Airways permite acondicionamento de dispositivos auxiliares na cabine de passageiros.Esses dispositivos auxiliam a visão ou audição de passageiros, ou sua capacidade de se comunicar, movimentar ou desempenhar outras funções da vida diária. Medicamentos e dispositivos médicos também são considerados como dispositivos auxiliares.",
        "ctaTitle": "Selecionar dispositivos auxiliares a bordo",
        "multiSelection": "Serviços múltiplos selecionados",
        "select": "Up to 50 characters (A-Z) are allowed.",
        "errorMessage": "Até 50 caracteres (A-Z) são permitidos.",
        "image": "assets/images/AssistiveDeviceOnBoard.jpg",
        "subsets": {
          "CANE": {
            "name": "Selecionar",
            "note": "",
            "category": "ADDL_DEV_ONBOARD",
            "code": "CANE"
          },
          "CRUTCHES": {
            "name": "Muletas",
            "note": "",
            "category": "ADDL_DEV_ONBOARD",
            "code": "CRUTCHES"
          },
          "WALKER": {
            "name": "Andador",
            "note": "",
            "category": "ADDL_DEV_ONBOARD",
            "code": "WALKER"
          },
          "MED_SYRINGES_AUTO_INJECTORS": {
            "name": "Remédios como seringas e autoinjetores",
            "note": "",
            "category": "ADDL_DEV_ONBOARD",
            "code": "MED_SYRINGES_AUTO_INJECTORS"
          },
          "VISION_ENHANCING_DEVICES": {
            "name": "Dispositivos para aumentar a visão",
            "note": "",
            "category": "ADDL_DEV_ONBOARD",
            "code": "VISION_ENHANCING_DEVICES"
          },
          "PORTABLE_OXYGEN_CONCENTRATORS": {
            "name": "Concentradores de oxigênio portáteis",
            "note": "",
            "category": "ADDL_DEV_ONBOARD",
            "code": "PORTABLE_OXYGEN_CONCENTRATORS"
          },
          "VENTILATORS_NON_SPILLABLE_BATTERIES": {
            "name": "Ventiladores com baterias não derramáveis",
            "note": "",
            "category": "ADDL_DEV_ONBOARD",
            "code": "VENTILATORS_NON_SPILLABLE_BATTERIES"
          },
          "RESPIRATORS_NON_SPILLABLE_BATTERIES": {
            "name": "Respiradores com baterias não derramáveis",
            "note": "",
            "category": "ADDL_DEV_ONBOARD",
            "code": "RESPIRATORS_NON_SPILLABLE_BATTERIES"
          },
          "OTHERS": {
            "name": "Outros não listados acima (favor especificar)",
            "note": "",
            "category": "ADDL_DEV_ONBOARD",
            "code": "OTHERS",
            "cancel": "cancelar",
            "request": "Enviar",
            "consentTitle": "Especifique o seu dispositivo"
          }
        }
      },
      "ssr_messages": {
        "WHEELCHAIR_REQUEST_ALL_ARE_CONFIRMED": {
          "description": "<span>Sua solicitação para o serviço de cadeira de rodas foi confirmada.<a class='readmore'><span>+ Saiba mais</span> <abbr>- ocultar</abbr></a></span> <span class='readmoreContent'>por favor, <a href='https://www.qatarairways.com/pt-br/worldwide-offices.html' target='_blank'> entre em contato com </a> a loja mais próxima da Qatar Airways ou com nosso Centro de Atendimento ao Cliente para Mais Informações. <br> Favor chegar ao aeroporto uma hora antes do horário do check-in de seu voo e identificar-se no balcão do check-in para que possamos ajudá-lo da melhor forma possível.</span>"
        },
        "WHEELCHAIR_REQUEST_SOME_ARE_CONFIRMED": {
          "description": "<span>Sua solicitação para o serviço de cadeira de rodas foi confirmada.Por favor, <a href='https://www.qatarairways.com/pt-br/worldwide-offices.html' target='_blank'> entre em contato com </a> a loja mais próxima da Qatar Airways ou com nosso Centro de Atendimento ao Cliente para Mais Informações.<br> Favor chegar ao aeroporto uma hora antes do horário do check-in de seu voo e identificar-se no balcão do check-in para que possamos ajudá-lo da melhor forma possível.</span>"
        },
        "WHEELCHAIR_REQUEST_ALL_ARE_ON_REQUEST": {
          "description": "<span>Sua solicitação para o serviço de cadeira de rodas foi recebida.<a class='readmore'><span>+ Saiba mais</span> <abbr>- ocultar</abbr></a></span> <span class='readmoreContent'>por favor, <a href='https://www.qatarairways.com/pt-br/worldwide-offices.html' target='_blank'> entre em contato com </a> a loja mais próxima da Qatar Airways ou com nosso Centro de Atendimento ao Cliente para Mais Informações. <br> Favor chegar ao aeroporto uma hora antes do horário do check-in de seu voo e identificar-se no balcão do check-in para que possamos ajudá-lo da melhor forma possível.</span>"
        },
        "WHEELCHAIR_REQUEST_ALL_ARE_UNCONFIRMED": {
          "description": "<span>Sua solicitação para o serviço de cadeira de rodas não está confirmada.<br>Por favor, <a href='https://www.qatarairways.com/pt-br/worldwide-offices.html' target='_blank'> entre em contato com </a> a loja mais próxima da Qatar Airways ou com nosso Centro de Atendimento ao Cliente para Mais Informações. <br> <br> Favor chegar ao aeroporto uma hora antes do horário do check-in de seu voo e identificar-se no balcão do check-in para que possamos ajudá-lo da melhor forma possível.</span>"
        },
        "WHEELCHAIR_REQUEST_WCMP_ADDED": {
          "description": "<span>Sua solicitação para acondicionar a sua cadeira de rodas manual foi atualizada. <a class='readmore'><span>+ Saiba mais</span> <abbr>- ocultar</abbr></a></span><span class='readmoreContent'><br>>O acondicionamento de cadeira de rodas na cabine é oferecido por ordem de chegada no portão de embarque e só se aplica a cadeiras de rodas manuais e dobráveis, com dimensões máximas de 13x36x42 polegadas (33x91x106 centímetros) e que não necessitam ser desmontadas ou ter as rodas removidas. <br> Se não houver espaço para acondicionamento na cabine, sua cadeira de rodas manual será guardada no porão de carga.</span>"
        },
        "WHEELCHAIR_REQUEST_WCBD_ADDED": {
          "description": "<span>Sua solicitação para viajar com sua cadeira de rodas ou dispositivo de mobilidade com bateria seca/gel foi atualizado. <a class='readmore'><span>+ Saiba mais</span> <abbr>- ocultar</abbr></a></span> <span class='readmoreContent'><br>Seu dispositivo será armazenado como bagagem despachada de acordo com os requisitos e normas de segurança aplicáveis.  <br>Favor chegar ao aeroporto uma hora antes do horário do check-in de seu voo e identificar-se no balcão do check-in para que possamos ajudá-lo da melhor forma possível.</span>"
        },
        "WHEELCHAIR_REQUEST_WCBW_ADDED": {
          "description": "<span>Sua solicitação para viajar com sua cadeira de rodas ou dispositivo de mobilidade com bateria úmida foi atualizada. <a class='readmore'><span>+ Saiba mais</span> <abbr>- ocultar</abbr></a></span> <span class='readmoreContent'>Seu dispositivo será armazenado como bagagem despachada de acordo com os requisitos e normas de segurança aplicáveis.  <br>Favor chegar ao aeroporto uma hora antes do horário do check-in de seu voo e identificar-se no balcão do check-in para que possamos ajudá-lo da melhor forma possível.</span>"
        },
        "WHEELCHAIR_REQUEST_WCLB_ADDED": {
          "description": "<span>Sua solicitação para viajar com sua cadeira de rodas ou dispositivo de mobilidade com bateria de lítio foi atualizada. <a class='readmore'><span>+ Saiba mais</span> <abbr>- ocultar</abbr></a></span> <span class='readmoreContent'> Seu dispositivo será armazenado como bagagem despachada de acordo com os requisitos e normas de segurança aplicáveis.  <br>Favor chegar ao aeroporto uma hora antes do horário do check-in de seu voo e identificar-se no balcão do check-in para que possamos ajudá-lo da melhor forma possível.</span>"
        },
        "SPECIAL_SERVICE_ADDED_CONFIRMED": {
          "description": "<span>Sua solicitação para assistência especial foi confirmad.<a class='readmore'><span>+ Saiba mais</span> <abbr>- ocultar</abbr></a></span> <span class='readmoreContent'>Favor chegar ao aeroporto uma hora antes do horário do check-in de seu voo e identificar-se no balcão do check-in para que possamos ajudá-lo da melhor forma possível.<br>Nossos funcionários o ajudarão durante a sua viagem desde o momento em que você chegar ao terminal, durante o embarque e a bordo da aeronave, bem como durante o trânsito até a chegada ao seu destino final.<br> Contudo, eles não poderão ajudá-lo no fornecimento de quaisquer serviços médicos, a se alimentar ou dentro do banheiro.<br>Por favor, <a href='https://www.qatarairways.com/pt-br/worldwide-offices.html' target='_blank'> entre em contato com </a> a loja mais próxima da Qatar Airways ou com nosso Centro de Atendimento ao Cliente para Mais Informações</span>"
        },
        "SPECIAL_SERVICE_ADDED_NOT_CONFIRMED": {
          "description": "<span>Sua solicitação para assistência especial não está confirmada.<br>Por favor, <a href='https://www.qatarairways.com/pt-br/worldwide-offices.html' target='_blank'> entre em contato com </a> a loja mais próxima da Qatar Airways ou com nosso Centro de Atendimento ao Cliente para Mais Informações.</span>"
        },
        "SPECIAL_SERVICE_ADDED_ON_REQUEST": {
          "description": "<span>La tua richiesta di assistenza speciale è stata ricevuta. <a class='readmore'><span>+ Learn more</span> <abbr>- Hide</abbr></a></span> <span class='readmoreContent'> Ti preghiamo di arrivare in aeroporto un'ora prima dell'orario di check-in del tuo volo e di registrarti al banco del check-in in modo da darci la possibilità di offrirti la migliore assistenza possibile.  <br>Il nostro personale ti fornirà assistenza per l'intera durata del viaggio, dal tuo arrivo in aeroporto, durante le operazioni di imbarco e a bordo dell'aeromobile, durante il transito fino alla tua destinazione finale. Il personale di volo non può, invece, prestare alcun servizio medico od offrirti assistenza per mangiare o all'interno della toilette.  <br>Ti invitiamo a rivolgerti all'ufficio Qatar Airways o al Servizio Assistenza Clienti più vicino per maggiori informazioni.</span>"
        },
        "SPECIAL_SERVICE_ADDED_PARTIALLY_CONFIRMED": {
          "description": "<span>Sua solicitação para assistência especial está parcialmente confirmada.Por favor, <a href='https://www.qatarairways.com/pt-br/worldwide-offices.html' target='_blank'> entre em contato com </a> a loja mais próxima da Qatar Airways ou com nosso Centro de Atendimento ao Cliente para Mais Informações.</span>"
        },
        "EMOTIONAL_SUPPORT_ADDED_CONFIRMED": {
          "description": "<span>Sua solicitação para viajar com um animal como suporte emocional e psiquiátrico (cão) na cabine da aeronave foi recebida. <a class='readmore'><span>+ Saiba mais</span> <abbr>- ocultar</abbr></a></span> <span class='readmoreContent'>Favor chegar ao aeroporto uma hora antes do horário do check-in de seu voo e identificar-se no balcão de check-in para que possamos ajudá-lo da melhor forma possível. <br>Certifique-se de fornecer documentos de comprovação, incluindo a licença de importação ou de exportação do animal, documentação atestando que o animal tem menos de um ano, e uma carta de um profissional de saúde mental licenciado, ou um médico, atendendo às seguintes solicitações:<br><br>-  Fornecidos em papel timbrado e certificando que o paciente está sob tratamento do profissional de saúde mental licenciado <br>- Especificando a data e o tipo de licença profissional de saúde mental e o estado ou outra jurisdição onde ele foi emitido.<br><br>- Declarando que o passageiro tem uma doença relacionada à saúde mental listada no Diagnostic and Statistical Manual of Mental Disorders (Manual Diagnóstico e Estatístico de Distúrbios Mentais, 4ª edição)<br><br>- Declarando que o animal acompanhando o passageiro é necessário para a saúde mental ou emocional do passageiro durante a viagem.<br><br>Por favor, <a href='https://www.qatarairways.com/pt-br/worldwide-offices.html' target='_blank'> entre em contato com </a> a loja mais próxima da Qatar Airways ou com nosso Centro de Atendimento ao Cliente para Mais Informações.</span>"
        },
        "EMOTIONAL_SUPPORT_ADDED_NOT_CONFIRMED": {
          "description": "<span>Sua solicitação para viajar com um animal como suporte emocional e psiquiátrico (cão) na cabine da aeronave não está confirmada. Por favor, <a href='https://www.qatarairways.com/pt-br/worldwide-offices.html' target='_blank'> entre em contato com </a> a loja mais próxima da Qatar Airways ou com nosso Centro de Atendimento ao Cliente para Mais Informações.</span>"
        },
        "EMOTIONAL_SUPPORT_ADDED_ON_REQUEST": {
          "description": "<span>A sua solicitação para viajar com um animal de serviço (cão) para apoio emocional e psiquiátrico na cabine da aeronave foi recebida. <a class='readmore'><span>+ Saiba mais</span> <abbr>- Ocultar</abbr></a></span></span> <span class='readmoreContent'>Chegue ao aeroporto uma hora antes do horário de seu check-in e identifique-se no balcão de check-in para que possamos ajudá-lo da melhor maneira possível. <br>Certifique-se de levar todos os documentos e certificados necessários para transportar seu cachorro de acordo com a legislação local do país estrangeiro, documentação atestando que o animal tem menos de um ano de idade em papel timbrado de um profissional de saúde mental qualificado, bem como uma carta de um profissional de saúde mental qualificado ou de um médico de acordo com os seguintes requisitos: <br><br><ul class='bulleted-list'>\n<li><span class='icon-arrow-strong icon-rotate-rtl'></span>que o passageiro tem uma deficiência relacionada à saúde mental listada no Diagnostic and Statistical Manual of Mental Disorders (Guia de diagnóstico e estatística de distúrbios mentais - DSM IV); </li><li><span class='icon-arrow-strong icon-rotate-rtl'></span>Que é necessário para a saúde mental ou tratamento do passageiro que o cão o acompanhe; </li><li><span class='icon-arrow-strong icon-rotate-rtl'></span>Que a pessoa que fornece a avaliação do passageiro é um profissional qualificado de saúde mental e que o passageiro está sob seu cuidado profissional;</li><li><span class='icon-arrow-strong icon-rotate-rtl'></span> Constar a data e o tipo de licença do profissional de saúde mental e o estado ou outra jurisdição em que foi emitida.</li></ul><br><br>Tenha com você material absorvente ou outros materiais para o cão poder fazer suas necessidades no voo. Isso é para evitar qualquer risco sanitário ou à saúde no voo em função dos dejetos do cão.<br><br> Se forem necessárias mais informações, entre em contato com a loja mais próxima da Qatar Airways."
        },
        "EMOTIONAL_SUPPORT_ADDED_PARTIALLY_CONFIRMED": {
          "description": "<span>Sua solicitação para viajar com um animal como suporte emocional e psiquiátrico (cão) na cabine da aeronave está parcialmente confirmada. Por favor, <a href='https://www.qatarairways.com/pt-br/worldwide-offices.html' target='_blank'> entre em contato com </a> a loja mais próxima da Qatar Airways ou com nosso Centro de Atendimento ao Cliente para Mais Informações.</span>"
        },
        "SERVICE_DOG_ADDED_CONFIRMED": {
          "description": "<span>Sua solicitação para assistência especial foi confirmada. <a class='readmore'><span>+ Saiba mais</span> <abbr>- ocultar</abbr></a></span><span class='readmoreContent'> Favor chegar ao aeroporto uma hora antes do horário do check-in de seu voo e identificar-se no balcão de check-in para que possamos ajudá-lo da melhor forma possível.<br> Assegure-se de levar e apresentar toda a documentação relevante para a exportação e importação de seu animal, bem como quaisquer certificados de saúde expedidos por veterinário.<br> Recomendamos que você leve provas de que o animal é um cão-guia, tais como cartões ou documentos de identificação, etiquetas, cinto de segurança ou equivalente, e/ou uma carta de um médico ou outra prova atestando que você necessita de um cão-guia durante a sua viagem.<br>Favor observar que cães-guias em treinamento não serão aceitos.<br><br>Por favor, <a href='https://www.qatarairways.com/pt-br/worldwide-offices.html' target='_blank'> entre em contato com </a> a loja mais próxima da Qatar Airways ou com nosso Centro de Atendimento ao Cliente para Mais Informações.</span>"
        },
        "SERVICE_DOG_ADDED_NOT_CONFIRMED": {
          "description": "<span>Sua solicitação para assistência especial não está confirmada. Por favor, <a href='https://www.qatarairways.com/pt-br/worldwide-offices.html' target='_blank'> entre em contato com </a> a loja mais próxima da Qatar Airways ou com nosso Centro de Atendimento ao Cliente para Mais Informações.</span>"
        },
        "SERVICE_DOG_ADDED_ON_REQUEST": {
          "description": "<span>Sua solicitação de serviços especiais foi recebida.<a class='readmore'><span>+ Saiba mais</span> <abbr>- ocultar</abbr></a></span><span class='readmoreContent'>Favor chegar ao aeroporto uma hora antes do horário do check-in de seu voo e identificar-se no balcão de check-in para que possamos ajudá-lo da melhor forma possível.<br> Assegure-se de levar e apresentar toda a documentação relevante para a exportação e importação de seu animal, bem como quaisquer certificados de saúde expedidos por veterinário.<br> Recomendamos que você leve provas de que o animal é um cão-guia, tais como cartões ou documentos de identificação, etiquetas, cinto de segurança ou equivalente, e/ou uma carta de um médico ou outra prova atestando que você necessita de um cão-guia durante a sua viagem.<br>Favor observar que cães-guias em treinamento não serão aceitos.<br>Por favor, <a href='https://www.qatarairways.com/pt-br/worldwide-offices.html' target='_blank'> entre em contato com </a> a loja mais próxima da Qatar Airways ou com nosso Centro de Atendimento ao Cliente para Mais Informações.</span>"
        },
        "SERVICE_DOG_ADDED_PARTIALLY_CONFIRMED": {
          "description": "<span>Sua solicitação para assistência especial está parcialmente confirmada.Por favor, <a href='https://www.qatarairways.com/pt-br/worldwide-offices.html' target='_blank'> entre em contato com </a> a loja mais próxima da Qatar Airways ou com nosso Centro de Atendimento ao Cliente para Mais Informações.</span>"
        },
        "ADOB_ADDED_CONFIRMED": {
          "description": "<span>Sua solicitação para transportar o dispositivo de assistência dentro da cabine de passageiros foi atualizada. Faremos o possível para acomodar o mesmo por ordem de chegada no portão de embarque.</span>"
        },
        "ADOB_ADDED_ON_REQUEST": {
          "description": "<span>Sua solicitação para transportar o dispositivo de assistência dentro da cabine de passageiros foi atualizada. Faremos o possível para acomodar o mesmo por ordem de chegada no portão de embarque.</span>"
        },
        "ADOB_ADDED_NOT_CONFIRMED": {
          "description": "<span>Sua solicitação para transportar o dispositivo de assistência dentro da cabine de passageiros foi atualizada. Faremos o possível para acomodar o mesmo por ordem de chegada no portão de embarque.</span>"
        },
        "ADOB_ADDED_PARTIALLY_CONFIRMED": {
          "description": "<span>Sua solicitação para transportar o dispositivo de assistência dentro da cabine de passageiros foi atualizada. Faremos o possível para acomodar o mesmo por ordem de chegada no portão de embarque.</span>"
        }
      },
      "ssr_status": {
        "CONFIRMED": {
          "description": "Confirmado"
        },
        "NOT_CONFIRMED": {
          "description": "Não confirmado"
        },
        "PARTIALLY_CONFIRMED": {
          "description": "Parcialmente confirmado"
        },
        "ON_REQUEST": {
          "description": "Sob solicitação"
        }
      }
    }
  }