
  {
    "": "TR",
    "ssr": {
      "title": "Özel hizmetler",
      "ref": "Rezervasyon referansı:",
      "req": "Birden fazla özel hizmet talep edebilirsiniz.",
      "select": "Seç",
      "selected": "Seçilen",
      "add": "Ekle",
      "remove": "Kaldır",
      "edit": "Düzenle",
      "back": "Geri",
      "mback": "Rezervasyon Yönetimi'ne dön",
      "manageBooking": "Rezervasyon Yönetimi",
      "previousFlight": "Önceki uçuş",
      "nextFlight": "Sonraki uçuş",
      "deleteMessage": "Bu hizmeti kaldırmak istediğinizden emin misiniz?",
      "no": "Hayır, bu hizmeti kaldırma",
      "yes": "Evet, bu hizmeti kaldır",
      "delete": "Hizmeti kaldır",
      "alert": "Bu sayfadan ayrılmak istediğinizden emin misiniz?",
      "Yes": "Evet, bu sayfadan ayrıl",
      "No": "Hayır, bu sayfaya geri dön",
      "in": "in",
      "wheelchair": "Lütfen havayolu tarafından sağlanan gerekli tekerlekli sandalye hizmeti türünü seçin.",
      "ok": "Hizmet seçin",
      "route": "route",
      "unSaveNotification": "Bu sayfadan ayrıldığınızda kaydetmediğiniz değişiklikleri kaybedebilirsiniz. Hala bu sayfadan ayrılmak istiyor musunuz?",
      "process": "İşlem yapılıyor...",
      "continue": "Devam",
      "saveAndReturn": "Kaydet ve geri dön",
      "departureFlight": "Kalkış uçuşu",
      "returnFlight": "Dönüş uçuşu",
      "pmdDescription": "Tekerlekli sandalye hizmeti seçildi",
      "noServiceSelected": "Hiç hizmet seçilmedi",
      "passenger": "yolcu",
      "wheel_details": {
        "title": "Tekerlekli sandalye",
        "selectWc": "Tekerlekli sandalye yardımını seçin",
        "description": "Giden yolcu terminali içinde, uçak merdivenlerine kadar veya kabinde koltuğa oturana kadar tekerlekli sandalye yardımı talep edebilir ya da kendi tekerlekli sandalyenizi taşıma talebinde bulunabilirsiniz.",
        "ctaTitle": "Tekerlekli sandalye yardımını seçin",
        "select": "Seç",
        "ref": "Rezervasyon referansı:",
        "image": "assets/images/t63-seat.jpg",
        "awc_title": "Havayolu tarafından verilen tekerlekli sandalye",
        "pwc_title": "Kişisel mobilite aracı",
        "pwc_desc": "Kişisel mobilite aracınızı aşağıda belirtilen noktalara kadar taşıyabilirsiniz.",
        "select_pwc": "Lütfen kişisel mobilite aracınızı seçin.",
        "pwc_text": "Lütfen bir Qatar Airways Yardımı Tekerlekli Sandalye seçin",
        "sel_alert": "Lütfen {DEP} - {ARR} arası uçuştaki yolcu {PSGR} için gerekli olan havayolu tarafından sağlanan tekerlekli sandalye hizmetinin türünü seçin.",
        "APW": {
          "err_alert": "Lütfen yolcu {PSGR} için gerekli olan havayolu tarafından sağlanan tekerlekli sandalye hizmetinin türünü seçin."
        },
        "pwc_description": "Yardımcı aletlerin yolcu kabininde taşınmasına yalnızca ABD kalkışlı ve inişli uçuşlarda izin verilmektedir. Uçağa getirilen tüm yardımcı aletler yürürlükteki emniyet, güvenlik ve tehlikeli madde düzenlemelerine uygun olmalıdır. Yolcu kabininde sınırlı saklama alanı nedeniyle, yardımcı aletler çıkış kapısına ilk gelene ilk hizmet esasına göre kabul edilecektir.",
        "nextSelct": {
          "desc": "Bundan sonraki uçuşlarınız için aynı hizmeti eklemek ister misiniz?",
          "request": "Evet, tüm uçuşlar için aynı hizmeti ekle",
          "cancel": "Hayır, hizmetleri manuel olarak talep edeceğim"
        },
        "note": "Not",
        "qa": "qatar airways yardımı",
        "qa_desc": "Lütfen Qatar Airways tarafından verilen tekerlekli sandalyeye ihtiyacınızın kalmayacağı yolculuk noktasını seçin::",
        "back": "Geri",
        "save": "Kaydet",
        "pwc": {
          "WCMP": {
            "code": "WCMP",
            "name": "Manuel tekerlekli sandalye",
            "category": "WHEELCHAIR",
            "subCategory": "PERSONAL_MOBILITY",
            "note": "Yolcu kabini içinde bir manuel tekerlekli sandalye taşınabilir. Tekerlekli sandalyenin taşınması konusunda çıkış kapısına ilk gelene ilk hizmet esası uygulanmaktadır.",
            "consentTitle": "Kişisel mobilite aracının taşınmasında yardım",
            "consentDesc": "Kişisel manuel tekerlekli sandalyenizle seyahat etme talebiniz alınmıştır.<br><br> Bazı uçaklarımızda tek bir kişisel tekerlekli sandalye saklama kapasitemiz vardır. Bu hizmet çıkış kapısına ilk gelene ilk hizmet esasına göre sunulur ve en fazla 13x36x42 inç (33x91x106 cm) boyutlarında, herhangi bir demontaj veya tekerleğin çıkarılmasını gerektirmeyen manuel katlanabilir tekerlekli sandalyeler için geçerlidir.",
            "cancel": "iptal etmek",
            "request": "Hizmet talep et"
          },
          "WCBD": {
            "code": "WCBD",
            "category": "WHEELCHAIR",
            "subCategory": "PERSONAL_MOBILITY",
            "name": "Kuru/jel akülü tekerlekli sandalye veya mobilite aracı",
            "note": "Kişisel tekerlekli sandalyeler ancak check-in kontuarına kadar taşınabilir. Check-in aşamasından sonra ise havayolu tarafından verilen tekerlekli sandalyeleri kullanabilirsiniz.",
            "consentTitle": "Kişisel mobilite aracının taşınmasında yardım",
            "consentDesc": "Kişisel kuru/jel hücreli akülü tekerlekli sandalyeniz veya mobilite aracınızla seyahat etme talebiniz alınmıştır.<br>Size en iyi şekilde yardımcı olabilmemiz için lütfen uçağınızın check-in zamanından bir saat önce havaalanında olun ve check-in kontuarına gidin.<br>Aracınız yürürlükteki emniyet ve güvenlik düzenlemeleri doğrultusunda kontrol edilmiş bagaj olarak taşınacaktır.",
            "cancel": "iptal etmek",
            "request": "Hizmet talep et"
          },
          "WCBW": {
            "code": "WCBW",
            "category": "WHEELCHAIR",
            "subCategory": "PERSONAL_MOBILITY",
            "name": "Islak hücreli akülü tekerlekli sandalye veya mobilite aracı",
            "note": "Kişisel tekerlekli sandalyeler ancak check-in kontuarına kadar taşınabilir. Check-in aşamasından sonra ise havayolu tarafından verilen tekerlekli sandalyeleri kullanabilirsiniz.",
            "consentTitle": "Kişisel mobilite aracının taşınmasında yardım",
            "consentDesc": "Kişisel ıslak hücreli akülü tekerlekli sandalyeniz veya mobilite aracınızla seyahat etme talebiniz alınmıştır.<br> Size en iyi şekilde yardımcı olabilmemiz için lütfen uçağınızın check-in zamanından bir saat önce havaalanında olun ve check-in kontuarına gidin.<br>Aracınız yürürlükteki emniyet ve güvenlik düzenlemeleri doğrultusunda kontrol edilmiş bagaj olarak taşınacaktır.",
            "cancel": "iptal etmek",
            "request": "Hizmet talep et"
          },
          "WCLB": {
            "code": "WCLB",
            "category": "WHEELCHAIR",
            "subCategory": "PERSONAL_MOBILITY",
            "name": "Lityum akülü tekerlekli sandalye veya mobilite aracı",
            "note": "Kişisel tekerlekli sandalyeler ancak check-in kontuarına kadar taşınabilir. Check-in aşamasından sonra ise havayolu tarafından verilen tekerlekli sandalyeleri kullanabilirsiniz.",
            "consentTitle": "Kişisel mobilite aracının taşınmasında yardım",
            "consentDesc": " Kişisel lityum akülü tekerlekli sandalyeniz veya mobilite aracınızla seyahat etme talebiniz alınmıştır.<br>Size en iyi şekilde yardımcı olabilmemiz için lütfen uçağınızın check-in zamanından bir saat önce havaalanında olun ve check-in kontuarına gidin.<br>Aracınız yürürlükteki emniyet ve güvenlik düzenlemeleri doğrultusunda kontrol edilmiş bagaj olarak taşınacaktır. Daha fazla bilgi için <a href='https://www.qatarairways.com/tr-tr/worldwide-offices.html' target='_blank'>buraya tıklayın</a>",
            "cancel": "iptal etmek",
            "request": "Hizmet talep et"
          }
        },
        "awc": {
          "WCHR": {
            "code": "WCHR",
            "subCategory": "AIR_PROVIDED",
            "name": "Uçak rampasına kadar",
            "category": "WHEELCHAIR",
            "request_message": "Bu tekerlekli sandalyeyi istemek için lütfen en yakın Qatar Airways ofisi veya Müşteri Hizmetleri Merkezi ile iletişime geçin. (<a href='https://www.qatarairways.com/en/worldwide-offices.html' target='_blank'>www.qatarairways.com/en/worldwide-offices.html<a>)",
            "note": "Havaalanı terminali içinde ve uçak rampasına kadar tekerlekli sandalye yardımı talep edin. Gerektiğinde uçak merdivenlerinden inip çıkabilen fakat havaalanı terminali içinde uzun mesafeleri yürümekte zorlanan yolcular bu hizmeti talep edebilir."
          },
          "WCHS": {
            "code": "WCHS",
            "name": "Uçak merdivenlerine kadar",
            "category": "WHEELCHAIR",
            "subCategory": "AIR_PROVIDED",
            "request_message": "Bu tekerlekli sandalyeyi istemek için lütfen en yakın Qatar Airways ofisi veya Müşteri Hizmetleri Merkezi ile iletişime geçin. (<a href='https://www.qatarairways.com/en/worldwide-offices.html' target='_blank'>www.qatarairways.com/en/worldwide-offices.html<a>)",
            "note": "Havaalanı terminali içinde ve uçak rampasına kadar tekerlekli sandalye yardımı talep edin. Gerektiğinde uçak merdivenlerinden inip çıkabilen fakat havaalanı terminali içinde uzun mesafeleri yürümekte zorlanan yolcular bu hizmeti talep edebilir."
          },
          "WCHC": {
            "code": "WCHC",
            "name": "Kabin koltuğuna kadar",
            "category": "WHEELCHAIR",
            "subCategory": "AIR_PROVIDED",
            "request_message": "Bu tekerlekli sandalyeyi istemek için lütfen en yakın Qatar Airways ofisi veya Müşteri Hizmetleri Merkezi ile iletişime geçin. (<a href='https://www.qatarairways.com/en/worldwide-offices.html' target='_blank'>www.qatarairways.com/en/worldwide-offices.html<a>)",
            "note": "Havaalanı terminali içinde ve uçak rampasına kadar tekerlekli sandalye yardımı talep edin. Gerektiğinde uçak merdivenlerinden inip çıkabilen fakat havaalanı terminali içinde uzun mesafeleri yürümekte zorlanan yolcular bu hizmeti talep edebilir."
          }
        }
      },
      "ssr_details": {
        "title": "Özel hizmet talebi",
        "description": "Uçağa gitmek veya uçaktan inmek için refakat yardımına ihtiyacınız varsa, gerekli düzenlemelerin yapılması için lütfen önceden bize haber verin. Görme, duyma veya bilişsel bozukluklar için de özel yardım talep edebilirsiniz.",
        "ctaTitle": "Özel hizmet isteği seç",
        "select": "Seç",
        "image": "assets/images/SpecialServiceRequests.jpg",
        "ref": "Booking reference:",
        "srtitle": "Özel hizmet talepleri",
        "multiSelection": "Birden fazla hizmet seçildi",
        "nextSelct": {
          "desc": "Bundan sonraki uçuşlarınız için aynı hizmeti eklemek ister misiniz?",
          "request": "Evet, tüm uçuşlar için aynı hizmeti ekle",
          "cancel": "Hayır, hizmetleri manuel olarak talep edeceğim"
        },
        "note": "Not",
        "noteHtml": "<ul class='bulleted-list'><li> <span class='icon-arrow-strong icon-rotate-rtl'></span>Bazı durumlarda bir güvenlik asistanı (refakatçi yolcu) ile birlikte seyahat etmeniz gerekebilir.  Daha fazla bilgi için lütfen <a href='https://www.qatarairways.com/tr-tr/worldwide-offices.html' target='_blank'>buraya tıklayın</a></li><li><span class='icon-arrow-strong icon-rotate-rtl'></span>Personelimiz gidiş terminaline vardığınız andan başlayarak uçağa biniş ve uçakta seyahat sırasında ve ayrıca nihai varış noktanıza ulaşana kadar yapacağınız transit aktarmalar dahil tüm seyahatiniz boyunca size yardımcı olacaktır.</li> <li> Personelimiz el bagajı ve varsa yardımcı aletinizi yerleştirip geri almanıza yardımcı olacak ve yemek için gerekli hazırlıkları yapacaktır. Ancak, tıbbi hizmetler, yemek yeme veya lavabo desteği gibi özel hizmetler sunulmayacaktır. </li> </ul>",
        "back": "Geri",
        "save": "Kaydet",
        "subsets": {
          "BLND": {
            "code": "BLND",
            "name": "Görme bozukluğu",
            "category": "SP_SERVICE_REQUEST",
            "note": "",
            "consentDesc": "Uçuş sırasında güvenlik brifingleri ve acil durumlarda uçaktan tahliye için havayolu personeli ile yeterince iletişim kurabiliyorsanız lütfen onaylayın. Yolcunun havayolu personeli ile yeterli iletişim sağlayamaması durumunda, yolcunun yanında bir güvenlik asistanı bulunmalıdır.",
            "cancel": "İptal etmek",
            "request": "Hizmet talep et",
            "consentTitle": "",
            "request_message": "",
            "request_more_message": ""
          },
          "DEAF": {
            "code": "DEAF",
            "name": "Duyma bozukluğu",
            "note": "",
            "category": "SP_SERVICE_REQUEST",
            "consentDesc": "Uçuş sırasında güvenlik brifingleri ve acil durumlarda uçaktan tahliye için havayolu personeli ile yeterince iletişim kurabiliyorsanız lütfen onaylayın. Yolcunun havayolu personeli ile yeterli iletişim sağlayamaması durumunda, yolcunun yanında bir güvenlik asistanı bulunmalıdır.",
            "cancel": "İptal etmek",
            "request": "Hizmet talep et",
            "consentTitle": "",
            "request_message": "Bu hizmeti istemek için lütfen en yakın Qatar Airways ofisi veya Müşteri Hizmetleri Merkezi ile iletişime geçin. (<a href='https://www.qatarairways.com/en/worldwide-offices.html' target='_blank'>www.qatarairways.com/en/worldwide-offices.html<a>)",
            "request_more_message": "Birden fazla hizmet istemek için lütfen en yakın Qatar Airways ofisi veya Müşteri Hizmetleri Merkezi ile iletişime geçin. (<a href=https://www.qatarairways.com/en/worldwide-offices.html' target='_blank'>www.qatarairways.com/en/worldwide-offices.html<a>)"
          },
          "DPNA": {
            "code": "DPNA",
            "category": "SP_SERVICE_REQUEST",
            "name": "Bilişsel bozukluk",
            "note": "",
            "consentDesc": "Uçuş sırasında güvenlik brifingleri ve acil durumlarda uçaktan tahliye için havayolu personeli ile yeterince iletişim kurabiliyorsanız lütfen onaylayın. Yolcunun havayolu personeli ile yeterli iletişim sağlayamaması durumunda, yolcunun yanında bir güvenlik asistanı bulunmalıdır.",
            "cancel": "İptal etmek",
            "request": "Hizmet talep et",
            "consentTitle": "",
            "request_message": "Bu hizmeti istemek için lütfen en yakın Qatar Airways ofisi veya Müşteri Hizmetleri Merkezi ile iletişime geçin. (<a href='https://www.qatarairways.com/en/worldwide-offices.html' target='_blank'>www.qatarairways.com/en/worldwide-offices.html<a>)",
            "request_more_message": "Birden fazla hizmet istemek için lütfen en yakın Qatar Airways ofisi veya Müşteri Hizmetleri Merkezi ile iletişime geçin. (<a href=https://www.qatarairways.com/en/worldwide-offices.html' target='_blank'>www.qatarairways.com/en/worldwide-offices.html<a>)"
          }
        }
      },
      "srdog_details": {
        "title": "Rehber köpek",
        "description": "Qatar Airways sakatlığı bulunan bir yolcuya eşlik etmek üzere rehber köpeklerin yolcu kabininde ücretsiz olarak seyahat etmesine izin vermektedir.",
        "ctaTitle": "Seç",
        "select": "Seç",
        "image": "assets/images/Service_Dog.jpg",
        "sdtitle": "Rehber köpek",
        "ref": "Rezervasyon referansı:",
        "nextSelct": {
          "desc": "Bundan sonraki uçuşlarınız için aynı hizmeti eklemek ister misiniz?",
          "request": "Evet, tüm uçuşlar için aynı hizmeti ekle",
          "cancel": "Hayır, hizmetleri manuel olarak talep edeceğim"
        },
        "note": "Not",
        "back": "Geri",
        "save": "Kaydet",
        "noteHtml": "<ul class='bulleted-list'><li><span class='icon-arrow-strong icon-rotate-rtl'></span>Uçuş, ABD'deki bir havaalanında başlayan veya sona eren, aynı uçakta veya tek bir uçuş numarası ile yapılan sürekli yolculuk olarak tanımlanmaktadır. </li><li><span class='icon-arrow-strong icon-rotate-rtl'></span>Lütfen köpeğinizin yurt dışına ve yurt içine taşınması ile ilgili gerekli tüm belgeleri ve veteriner tarafından düzenlenen sağlık raporlarını yanınızda bulundurun ve gerektiğinde ibraz edin.</li></ul>",
        "subsets": {
          "ESAN": {
            "code": "ESAN",
            "category": "SERVICE_DOGS",
            "name": "Manevi destek köpeği",
            "note": "Amerika Birleşik Devletleri kalkışlı veya inişli uçuşlarda rehber köpekler ve manevi destek veya psikiyatrik hizmet amaçlı köpekler ücretsiz olarak kabul edilmektedir.",
            "consentDesc": "Lütfen, köpeğinizi yabancı ülkenin yerel yasalarına göre taşımak için gereken tüm belge ve sertifikaları, lisanslı bir ruh sağlığı uzmanının antetli kağıdında hayvanın bir yaşından küçük olduğunu tasdikleyen belgeyi ve lisanslı bir ruh sağlığı uzmanından ya da bir tıp doktorundan alınmış, aşağıdaki şartları yerine getiren bir mektubu yanınızda bulundurduğunuzdan emin olun: <br><br><ul class='bulleted-list'>\n<li><span class='icon-arrow-strong icon-rotate-rtl'></span>Yolcunun, Ruhsal Bozuklukların Teşhisi ve İstatistiksel El Kitabında (DSM IV) listelenen ruhsal sağlıkla ilgili bir engelinin olduğu; </li><li><span class='icon-arrow-strong icon-rotate-rtl'></span>Köpeğin yolcuya eşlik etmesinin, yolcunun ruh sağlığı veya tedavisi için gerekli olduğu; </li><li><span class='icon-arrow-strong icon-rotate-rtl'></span>Yolcunun değerlendirmesini sağlayan kişinin lisanslı bir ruh sağlığı profesyoneli olduğu ve yolcunun onun profesyonel bakımında olduğu;</li><li><span class='icon-arrow-strong icon-rotate-rtl'></span> Ruh sağlığı uzmanı ruhsat tarihini ve türünü, ve bulunduğu eyalet veya diğer idari birimi belirtilmiş olmalıdır.</li></ul><br><br>Lütfen köpeğinizin uçuşta ihtiyacını giderebilmesi için yeterli miktarda emici madde veya diğer gerekli malzemeleri getiriniz. Bu, köpeğin atıklarından dolayı uçuşta sağlık veya hijyen açısından oluşabilecek riskleri önlemek içindir.<br><br> Daha fazla bilgi almanız gerekiyorsa lütfen size en yakın Qatar Airways ofisine başvurun.",
            "cancel": "İptal etmek",
            "request": "Hizmet talep et",
            "consentTitle": "Özel hizmet talebiniz onaylanacaktır.",
            "request_message": "Bu hizmeti istemek için lütfen en yakın Qatar Airways ofisi veya Müşteri Hizmetleri Merkezi ile iletişime geçin. (<a href='https://www.qatarairways.com/en/worldwide-offices.html' target='_blank'>www.qatarairways.com/en/worldwide-offices.html<a>)"
          },
          "SVAN": {
            "code": "SVAN",
            "category": "SERVICE_DOGS",
            "name": "Rehber köpek",
            "note": "Amerika Birleşik Devletleri kalkışlı veya inişli uçuşlarda rehber köpekler ve manevi destek veya psikiyatrik hizmet amaçlı köpekler ücretsiz olarak kabul edilmektedir.",
            "consentDesc": "Lütfen köpeğinizi yabancı ülkenin yerel yasalarına uygun olarak taşımak için gerekli tüm belgeleri ve sertifikaları yanınızda taşıdığınızdan emin olun. <br><br>Köpeğin bir hizmet köpeği olduğunun kanıtını yanınızda bulundurmanız önerilir. Bu kanıt bir kimlik kartı veya diğer yazılı belgeler, etiketler, emniyet kemeri veya benzeri bir materyal şeklinde olabilir. <br><br>Lütfen köpeğinizin uçuşta ihtiyacını giderebilmesi için yeterli miktarda emici madde veya diğer gerekli malzemeleri getiriniz. Bu, köpeğin atıklarından dolayı uçuşta sağlık veya hijyen açısından oluşabilecek riskleri önlemek içindir.<br><br> Daha fazla bilgi almanız gerekiyorsa lütfen size en yakın Qatar Airways ofisine başvurun.",
            "cancel": "İptal etmek",
            "request": "Hizmet talep et",
            "consentTitle": "Özel hizmet talebiniz onaylanacaktır.",
            "request_message": "Bu hizmeti istemek için lütfen en yakın Qatar Airways ofisi veya Müşteri Hizmetleri Merkezi ile iletişime geçin. (<a href='https://www.qatarairways.com/en/worldwide-offices.html' target='_blank'>www.qatarairways.com/en/worldwide-offices.html<a>)"
          }
        }
      },
      "devices": {
        "title": "Yardımcı aletlerin uçağa alınması",
        "adtitle": "Yardımcı aletlerin uçağa alınması",
        "ref": "BoRezervasyon referansı:",
        "nextSelct": {
          "desc": "Bundan sonraki uçuşlarınız için aynı hizmeti eklemek ister misiniz?",
          "request": "Evet, tüm uçuşlar için aynı hizmeti ekle",
          "cancel": "Hayır, hizmetleri manuel olarak talep edeceğim"
        },
        "back": "Geri",
        "save": "Kaydet",
        "description": "Qatar Airways yardımcı aletlerin yolcu kabininde taşınmasına izin vermektedir. Bu aletler, yolcuların görme veya duyma, iletişim kurma, hareket etme veya günlük yaşamın diğer gereklerini yerine getirme becerilerine yardımcı olmaktadır. İlaçlar ve tıbbi cihazlar da yardımcı aletler olarak kabul edilir.",
        "ctaTitle": "Uçağa alınacak yardımcı aletleri seçin",
        "multiSelection": "Birden fazla hizmet seçildi",
        "select": "Up to 50 characters (A-Z) are allowed.",
        "errorMessage": "50 karaktere kadar (A-Z) izin verilir",
        "image": "assets/images/AssistiveDeviceOnBoard.jpg",
        "subsets": {
          "CANE": {
            "name": "Baston",
            "note": "",
            "category": "ADDL_DEV_ONBOARD",
            "code": "CANE"
          },
          "CRUTCHES": {
            "name": "Koltuk Değnekleri",
            "note": "",
            "category": "ADDL_DEV_ONBOARD",
            "code": "CRUTCHES"
          },
          "WALKER": {
            "name": "Yürüteç",
            "note": "",
            "category": "ADDL_DEV_ONBOARD",
            "code": "WALKER"
          },
          "MED_SYRINGES_AUTO_INJECTORS": {
            "name": "Şırınga ve oto-enjektörler gibi tıbbi ekipman",
            "note": "",
            "category": "ADDL_DEV_ONBOARD",
            "code": "MED_SYRINGES_AUTO_INJECTORS"
          },
          "VISION_ENHANCING_DEVICES": {
            "name": "Görmeyi destekleyici cihazlar",
            "note": "",
            "category": "ADDL_DEV_ONBOARD",
            "code": "VISION_ENHANCING_DEVICES"
          },
          "PORTABLE_OXYGEN_CONCENTRATORS": {
            "name": "Taşınabilir Oksijen Yoğunlaştırıcılar",
            "note": "",
            "category": "ADDL_DEV_ONBOARD",
            "code": "PORTABLE_OXYGEN_CONCENTRATORS"
          },
          "VENTILATORS_NON_SPILLABLE_BATTERIES": {
            "name": "Akmayan pillere sahip ventilatörler",
            "note": "",
            "category": "ADDL_DEV_ONBOARD",
            "code": "VENTILATORS_NON_SPILLABLE_BATTERIES"
          },
          "RESPIRATORS_NON_SPILLABLE_BATTERIES": {
            "name": "Akmayan pillere sahip respiratörler",
            "note": "",
            "category": "ADDL_DEV_ONBOARD",
            "code": "RESPIRATORS_NON_SPILLABLE_BATTERIES"
          },
          "OTHERS": {
            "name": "Yukarıdaki belirtilmeyen diğer cihazlar (lütfen belirtin)",
            "note": "",
            "category": "ADDL_DEV_ONBOARD",
            "code": "OTHERS",
            "cancel": "İptal etmek",
            "request": "Gönder",
            "consentTitle": "Lütfen cihazınızı belirtin"
          }
        }
      },
      "ssr_messages": {
        "WHEELCHAIR_REQUEST_ALL_ARE_CONFIRMED": {
          "description": "<span>Tekerlekli sandalye hizmeti talebiniz onaylanmıştır.<a class='readmore'><span>+ Daha fazla bilgi edinin</span> <abbr>- Saklamak</abbr></a></span> <span class='readmoreContent'> Daha fazla bilgi için lütfen en yakın Qatar Airways ofisine veya iletişim merkezine <a href='www.qatarairways.com/tr-tr/worldwide-offices.html 'target='_blank'> ulaşın </a>. <br> Size en iyi şekilde yardımcı olabilmemiz için lütfen uçağınızın check-in zamanından bir saat önce havaalanında olun ve check-in kontuarına gidin.</span>"
        },
        "WHEELCHAIR_REQUEST_SOME_ARE_CONFIRMED": {
          "description": "<span>Tekerlekli sandalye hizmeti talebiniz kısmen onaylanmıştır.Daha fazla bilgi için lütfen en yakın Qatar Airways ofisine veya iletişim merkezine <a href='https://www.qatarairways.com/tr-tr/worldwide-offices.html 'target='_blank'> ulaşın </a></span>"
        },
        "WHEELCHAIR_REQUEST_ALL_ARE_ON_REQUEST": {
          "description": "<span>Tekerlekli sandalye hizmeti talebiniz alınmıştır.<a class='readmore'><span>+ Daha fazla bilgi edinin</span> <abbr>- Saklamak</abbr></a></span> <span class='readmoreContent'> Daha fazla bilgi için lütfen en yakın Qatar Airways ofisine veya iletişim merkezine <a href='https://www.qatarairways.com/tr-tr/worldwide-offices.html 'target='_blank'> ulaşın </a> <br>  Size en iyi şekilde yardımcı olabilmemiz için lütfen uçağınızın check-in zamanından bir saat önce havaalanında olun ve check-in kontuarına gidin.</span>"
        },
        "WHEELCHAIR_REQUEST_ALL_ARE_UNCONFIRMED": {
          "description": "<span>Tekerlekli sandalye hizmeti talebiniz onaylanmamıştır.<a class='readmore'><span>+ Daha fazla bilgi edinin</span> <abbr>- Saklamak</abbr></a></span> <span class='readmoreContent'> Daha fazla bilgi için lütfen en yakın Qatar Airways ofisine veya iletişim merkezine <a href='https://www.qatarairways.com/tr-tr/worldwide-offices.html 'target='_blank'> ulaşın </a> <br>  Size en iyi şekilde yardımcı olabilmemiz için lütfen uçağınızın check-in zamanından bir saat önce havaalanında olun ve check-in kontuarına gidin.</span>"
        },
        "WHEELCHAIR_REQUEST_WCMP_ADDED": {
          "description": "<span>Kişisel manuel tekerlekli sandalyeyi uçakta taşıma talebiniz güncellenmiştir. <a class='readmore'><span>+ Daha fazla bilgi edinin</span> <abbr>- Saklamak</abbr></a></span><span class='readmoreContent'><br><br>Uçak kabininde tekerlekli sandalye taşıma hizmeti çıkış kapısına ilk gelene ilk hizmet esasına göre sunulur ve en fazla 13x36x42 inç (33x91x106 cm) boyutlarında, herhangi bir demontaj veya tekerleğin çıkarılmasını gerektirmeyen manuel katlanabilir tekerlekli sandalyeler için geçerlidir. <br> Kabinde yeterli saklama alanı yoksa, manuel tekerlekli sandalyeniz uçağın kargo ambarında taşınacaktır.</span>"
        },
        "WHEELCHAIR_REQUEST_WCBD_ADDED": {
          "description": "<span>Kişisel kuru/jel hücreli akülü tekerlekli sandalyeniz veya mobilite aracınızla seyahat etme talebiniz güncellenmiştir.<a class='readmore'><span>+ Daha fazla bilgi edinin</span> <abbr>- Saklamak</abbr></a></span> <span class='readmoreContent'> <br>Aracınız yürürlükteki emniyet ve güvenlik düzenlemeleri doğrultusunda kontrol edilmiş bagaj olarak taşınacaktır.  <br>Size en iyi şekilde yardımcı olabilmemiz için lütfen uçağınızın check-in zamanından bir saat önce havaalanında olun ve check-in kontuarına gidin.</span>"
        },
        "WHEELCHAIR_REQUEST_WCBW_ADDED": {
          "description": "<span>Kişisel ıslak hücreli akülü tekerlekli sandalyeniz veya mobilite aracınızla seyahat etme talebiniz güncellenmiştir.<a class='readmore'><span>+ Daha fazla bilgi edinin</span> <abbr>- Saklamak</abbr></a></span> <span class='readmoreContent'> <br>Aracınız yürürlükteki emniyet ve güvenlik düzenlemeleri doğrultusunda kontrol edilmiş bagaj olarak taşınacaktır.  <br>Size en iyi şekilde yardımcı olabilmemiz için lütfen uçağınızın check-in zamanından bir saat önce havaalanında olun ve check-in kontuarına gidin.</span>"
        },
        "WHEELCHAIR_REQUEST_WCLB_ADDED": {
          "description": "<span>Kişisel lityum akülü tekerlekli sandalyeniz veya mobilite aracınızla seyahat etme talebiniz güncellenmiştir. <a class='readmore'><span>+ Daha fazla bilgi edinin</span> <abbr>- Saklamak</abbr></a></span><span class='readmoreContent'> <br>Aracınız yürürlükteki emniyet ve güvenlik düzenlemeleri doğrultusunda kontrol edilmiş bagaj olarak taşınacaktır.  <br>Size en iyi şekilde yardımcı olabilmemiz için lütfen uçağınızın check-in zamanından bir saat önce havaalanında olun ve check-in kontuarına gidin.</span>"
        },
        "SPECIAL_SERVICE_ADDED_CONFIRMED": {
          "description": "<span>Özel hizmet talebiniz onaylanmıştır.<a class='readmore'><span>+ Daha fazla bilgi edinin</span> <abbr>- Saklamak</abbr></a></span> <span class='readmoreContent'> <br> Size en iyi şekilde yardımcı olabilmemiz için lütfen uçağınızın check-in zamanından bir saat önce havaalanında olun ve check-in kontuarına gidin. <br> Personelimiz terminale vardığınız andan başlayarak uçağa biniş ve uçakta seyahat sırasında ve ayrıca nihai varış noktanıza ulaşana kadar yapacağınız transit aktarmalar dahil tüm seyahatiniz boyunca size yardımcı olacaktır.  <br>Yolculuk boyunca, kabin personelimiz uçağa binerken ve uçaktan inerken ve talep ederseniz lavaboya giderken ve gelirken size rehberlik edecektir. Personelimiz el bagajı ve varsa yardımcı aletinizi yerleştirip geri almanıza yardımcı olacak ve yemek için gerekli hazırlıkları yapacaktır.<br>Ancak, tıbbi hizmetler, yemek yeme veya lavabo desteği gibi özel hizmetler sunulmayacaktır. <br></span>"
        },
        "SPECIAL_SERVICE_ADDED_NOT_CONFIRMED": {
          "description": "<span>Özel hizmet talebiniz onaylanmamıştır.<br>Daha fazla bilgi için lütfen en yakın Qatar Airways ofisine veya iletişim merkezine <a href='https://www.qatarairways.com/tr-tr/worldwide-offices.html 'target='_blank'> ulaşın </a></span>"
        },
        "SPECIAL_SERVICE_ADDED_ON_REQUEST": {
          "description": "<span>Özel yardım talebiniz alınmıştır.<a class='readmore'><span>+ Learn more</span> <abbr>- Hide</abbr></a></span> <span class='readmoreContent'> Size en iyi şekilde yardımcı olabilmemiz için lütfen uçağınızın check-in zamanından bir saat önce havaalanında olun ve check-in kontuarına gidin.  <br>Personelimiz terminale vardığınız andan başlayarak uçağa biniş ve uçakta seyahat sırasında ve ayrıca nihai varış noktanıza ulaşana kadar yapacağınız transit aktarmalar dahil tüm seyahatiniz boyunca size yardımcı olacaktır. Ancak, tıbbi hizmetler, yemek yeme veya lavabo desteği gibi özel hizmetler sunulmayacaktır.  <br>Lütfen detayları öğrenmek için en yakın Qatar Airways ofisi veya Müşteri Hizmetleri Merkezi ile iletişime geçin. (bağlantı: www.qatarairways.com/offices)</span>"
        },
        "SPECIAL_SERVICE_ADDED_PARTIALLY_CONFIRMED": {
          "description": "<span>Özel hizmet talebiniz kısmen onaylanmıştır.<br>Daha fazla bilgi için lütfen en yakın Qatar Airways ofisine veya iletişim merkezine <a href='https://www.qatarairways.com/tr-tr/worldwide-offices.html 'target='_blank'> ulaşın </a></span>"
        },
        "EMOTIONAL_SUPPORT_ADDED_CONFIRMED": {
          "description": "<span>Uçak kabininde manevi destek ve psikiyatrik hizmet amaçlı rehber hayvan (köpek) ile birlikte seyahat etme talebiniz alınmıştır. <a class='readmore'><span>+ Daha fazla bilgi edinin</span> <abbr>- Saklamak</abbr></a></span> <span class='readmoreContent'>Size en iyi şekilde yardımcı olabilmemiz için lütfen uçağınızın check-in zamanından bir saat önce havaalanında olun ve check-in kontuarına gidin. <br>Hayvanın yurt dışına çıkış ve yurt içine giriş lisansı ve hayvanın bir yaşından küçük olduğuna dair belge gibi destekleyici belgelerin yanı sıra yetkili bir ruh sağlığı uzmanı veya tıp doktoru tarafından düzenlenmiş aşağıdaki şartlara uygun bir yazı ibraz edilmelidir:<br><br>- Antetli kağıda hazırlanmış olmalı ve hastanın belgeyi düzenleyen yetkili ruh sağlığı uzmanının kontrolü altında olduğu teyit edilmelidir. <br>- Ruh sağlığı uzmanı yetki belgesinin türü ve tarihi ile düzenlendiği ülke belirtilmelidir.<br><br>- Yolcunun Ruhsal Bozuklukların Tanısal ve İstatistiksel El Kitabı'nda (dördüncü basım) yer alan ruh sağlığıyla ilgili bir rahatsızlığı olduğu ifade edilmelidir  <br><br>-  Yolculuk sırasında yolcunun ruhsal ve duygusal sağlığı için hayvanın yolcuya refakat etmesinin gerekli olduğu ifadey<br><br> Lütfen detayları öğrenmek için en yakın Qatar Airways ofisi veya Müşteri Hizmetleri Merkezi ile <a href='https://www.qatarairways.com/tr-tr/worldwide-offices.html'> iletişime </a>geçin.</span>"
        },
        "EMOTIONAL_SUPPORT_ADDED_NOT_CONFIRMED": {
          "description": "<span>Uçak kabininde manevi destek ve psikiyatrik hizmet amaçlı rehber hayvan (köpek) ile birlikte seyahat etme talebiniz onaylanmamıştır. Daha fazla bilgi için lütfen en yakın Qatar Airways ofisine veya iletişim merkezine <a href='https://www.qatarairways.com/tr-tr/worldwide-offices.html 'target='_blank'> ulaşın </a></span>"
        },
        "EMOTIONAL_SUPPORT_ADDED_ON_REQUEST": {
          "description": "<span>Uçak kabininde duygusal destek ve psikiyatrik hizmet hayvanı (köpek) ile seyahat etme talebiniz alındı. <a class='readmore'><span>+ Daha fazla bilgi</span> <abbr>- Gizle</abbr></a></span></span> <span class='readmoreContent'>Size en iyi şekilde yardımcı olmamızı sağlamak için lütfen check-in saatinizden bir saat önce havaalanına gelin ve check-in kontuarında kendinizi tanıtın. <br>Lütfen, köpeğinizi yabancı ülkenin yerel yasalarına göre taşımak için gereken tüm belge ve sertifikaları, lisanslı bir ruh sağlığı uzmanının antetli kağıdında hayvanın bir yaşından küçük olduğunu tasdikleyen belgeyi ve lisanslı bir ruh sağlığı uzmanından ya da bir tıp doktorundan alınmış, aşağıdaki şartları yerine getiren bir mektubu yanınızda bulundurduğunuzdan emin olun: <br><br><ul class='bulleted-list'>\n<li><span class='icon-arrow-strong icon-rotate-rtl'></span>Yolcunun, Ruhsal Bozuklukların Teşhisi ve İstatistiksel El Kitabında (DSM IV) listelenen ruhsal sağlıkla ilgili bir engelinin olduğu; </li><li><span class='icon-arrow-strong icon-rotate-rtl'></span>Köpeğin yolcuya eşlik etmesinin, yolcunun ruh sağlığı veya tedavisi için gerekli olduğu; </li><li><span class='icon-arrow-strong icon-rotate-rtl'></span>Yolcunun değerlendirmesini sağlayan kişinin lisanslı bir ruh sağlığı profesyoneli olduğu ve yolcunun onun profesyonel bakımında olduğu;</li><li><span class='icon-arrow-strong icon-rotate-rtl'></span> Ruh sağlığı uzmanı ruhsat tarihini ve türünü, ve bulunduğu eyalet veya diğer idari birimi belirtilmiş olmalıdır.</li></ul><br><br>Lütfen köpeğinizin uçuşta ihtiyacını giderebilmesi için yeterli miktarda emici madde veya diğer gerekli malzemeleri getiriniz. Bu, köpeğin atıklarından dolayı uçuşta sağlık veya hijyen açısından oluşabilecek riskleri önlemek içindir.<br><br> Daha fazla bilgi almanız gerekiyorsa lütfen size en yakın Qatar Airways ofisine başvurun."
        },
        "EMOTIONAL_SUPPORT_ADDED_PARTIALLY_CONFIRMED": {
          "description": "<span>Uçak kabininde manevi destek ve psikiyatrik hizmet amaçlı rehber hayvan (köpek) ile birlikte seyahat etme talebiniz kısmen onaylanmıştır. Lütfen detayları öğrenmek için en yakın Qatar Airways ofisi veya Müşteri Hizmetleri Merkezi ile <a href='https://www.qatarairways.com/tr-tr/worldwide-offices.html' target='_blank' iletişime </a>geçin.</span>"
        },
        "SERVICE_DOG_ADDED_CONFIRMED": {
          "description": "<span>Özel hizmet talebiniz onaylanmıştır. <a class='readmore'><span>+ Daha fazla bilgi edinin</span> <abbr>- Saklamak</abbr></a></span> <span class='readmoreContent'></span> <span class='readmoreContent'> Size en iyi şekilde yardımcı olabilmemiz için lütfen uçağınızın check-in zamanından bir saat önce havaalanında olun ve check-in kontuarına gidin. <br>Lütfen hayvanınızın yurt dışına ve yurt içine taşınması ile ilgili gerekli tüm belgeleri ve veteriner tarafından düzenlenen sağlık raporlarını yanınızda bulundurun ve gerektiğinde ibraz edin. Hayvanın rehber hayvan olduğunu gösteren kimlik kartları veya belgeleri, etiketler, güvenlik kemeri veya benzeri kanıtları ve/veya bir tıp doktorundan alınmış yazı ya da yolculuğunuz sırasında rehber köpeğe ihtiyacınız olduğunu teyit eden diğer kanıtları yanınızda taşımanızı tavsiye ederiz. <br>Henüz eğitim aşamasındaki rehber köpekler kabul edilmeyecektir.<br>Lütfen detayları öğrenmek için en yakın Qatar Airways ofisi veya Müşteri Hizmetleri Merkezi ile <a href='https://www.qatarairways.com/tr-tr/worldwide-offices.html'> iletişime </a>geçin</span>"
        },
        "SERVICE_DOG_ADDED_NOT_CONFIRMED": {
          "description": "<span>Özel hizmet talebiniz onaylanmamıştır. Lütfen detayları öğrenmek için en yakın Qatar Airways ofisi veya Müşteri Hizmetleri Merkezi ile <a href='https://www.qatarairways.com/tr-tr/worldwide-offices.html'> iletişime </a>geçin</span>"
        },
        "SERVICE_DOG_ADDED_ON_REQUEST": {
          "description": "<span>Özel hizmetler talebiniz alındı. <a class='readmore'><span>+ Daha fazla bilgi edinin</span> <abbr>- Saklamak</abbr></a></span> <span class='readmoreContent'></span> <span class='readmoreContent'> Size en iyi şekilde yardımcı olabilmemiz için lütfen uçağınızın check-in zamanından bir saat önce havaalanında olun ve check-in kontuarına gidin. <br>Lütfen hayvanınızın yurt dışına ve yurt içine taşınması ile ilgili gerekli tüm belgeleri ve veteriner tarafından düzenlenen sağlık raporlarını yanınızda bulundurun ve gerektiğinde ibraz edin. Hayvanın rehber hayvan olduğunu gösteren kimlik kartları veya belgeleri, etiketler, güvenlik kemeri veya benzeri kanıtları ve/veya bir tıp doktorundan alınmış yazı ya da yolculuğunuz sırasında rehber köpeğe ihtiyacınız olduğunu teyit eden diğer kanıtları yanınızda taşımanızı tavsiye ederiz. <br>Henüz eğitim aşamasındaki rehber köpekler kabul edilmeyecektir.<br>Lütfen detayları öğrenmek için en yakın Qatar Airways ofisi veya Müşteri Hizmetleri Merkezi ile <a href='https://www.qatarairways.com/tr-tr/worldwide-offices.html'> iletişime </a>geçin</span>"
        },
        "SERVICE_DOG_ADDED_PARTIALLY_CONFIRMED": {
          "description": "<span>Özel hizmet talebiniz kısmen onaylanmıştır.Lütfen detayları öğrenmek için en yakın Qatar Airways ofisi veya Müşteri Hizmetleri Merkezi ile <a href='https://www.qatarairways.com/tr-tr/worldwide-offices.html'> iletişime </a>geçin</span>"
        },
        "ADOB_ADDED_CONFIRMED": {
          "description": "<span>Yolcu kabininde yardımcı cihaz taşıma talebiniz güncellendi. Biniş kapısında aynı şekilde ilk gelen ilk hizmet esasına göre karşılamak için gayret göstereceğiz.</span>"
        },
        "ADOB_ADDED_ON_REQUEST": {
          "description": "<span>Yolcu kabininde yardımcı cihaz taşıma talebiniz güncellendi. Biniş kapısında aynı şekilde ilk gelen ilk hizmet esasına göre karşılamak için gayret göstereceğiz.</span>"
        },
        "ADOB_ADDED_NOT_CONFIRMED": {
          "description": "<span>Yolcu kabininde yardımcı cihaz taşıma talebiniz güncellendi. Biniş kapısında aynı şekilde ilk gelen ilk hizmet esasına göre karşılamak için gayret göstereceğiz.</span>"
        },
        "ADOB_ADDED_PARTIALLY_CONFIRMED": {
          "description": "<span>Yolcu kabininde yardımcı cihaz taşıma talebiniz güncellendi. Biniş kapısında aynı şekilde ilk gelen ilk hizmet esasına göre karşılamak için gayret göstereceğiz.</span>"
        }
      },
      "ssr_status": {
        "CONFIRMED": {
          "description": "Onaylandı"
        },
        "NOT_CONFIRMED": {
          "description": "Onaylanmadı"
        },
        "PARTIALLY_CONFIRMED": {
          "description": "Kısmen onaylandı"
        },
        "ON_REQUEST": {
          "description": "İstek üzerine"
        }
      }
    }
  }